ElementID,ParamID,Meaning,ValueType,SafeOrTypicalRange,Notes,ObservedValues,ObservedInFiles
Bass Control,Auto Gain Enable,Auto gain compensation,bool,1,Module not in default active chain unless ElementChain says so,1,Dochenka_2_DarkWideSafe_Ozone12.xml; Dochenka_3_StreamingNoClicks_Ozone12.xml
Clarity,Amount,Clarity processing amount,percent float,10..28,Modern polish; too high can get glossy/sterile,"12,00000000; 16,00000000; 18,00000000; 22,00000000; 24,00000000",Dochenka_10_WideB_Impact_Strong.xml; Dochenka_11_WideB_Impact_Opt.xml; Dochenka_12_WideB_ImpactOpt_ClarityStab_Dark.xml; Dochenka_13_WideB_ImpactOpt_ClarityStab_Open.xml; Dochenka_2_DarkWideSafe_Ozone12.xml; Dochenka_3_StreamingNoClicks_Ozone12.xml; Dochenka_5_Wide_TS_Strong.xml; Dochenka_6_Wide_TS_Extreme.xml; Dochenka_7_WideB_DynEQ_Soft.xml; Dochenka_8_WideB_DynEQ_Hard.xml
Clarity,Auto Gain Enable,Auto gain compensation,bool,1,Usually keep on,1,Dochenka_2_DarkWideSafe_Ozone12.xml; Dochenka_3_StreamingNoClicks_Ozone12.xml; Za_Hutorom_FINAL_WOW_Streaming_Ozone12.xml; Za_Hutorom_Ozone12_ModernPop_Streaming_Start.xml
Clarity,Tilt,Brightness/darkness tilt,float,-1.6..+0.2,"Negative = darker, positive = brighter/open","-0,20000000; -0,80000001; -1,05000000; -1,19999981; -1,20000000; -1,60000002; 0,05000000",Dochenka_10_WideB_Impact_Strong.xml; Dochenka_11_WideB_Impact_Opt.xml; Dochenka_12_WideB_ImpactOpt_ClarityStab_Dark.xml; Dochenka_13_WideB_ImpactOpt_ClarityStab_Open.xml; Dochenka_2_DarkWideSafe_Ozone12.xml; Dochenka_3_StreamingNoClicks_Ozone12.xml; Dochenka_5_Wide_TS_Strong.xml; Dochenka_6_Wide_TS_Extreme.xml; Dochenka_7_WideB_DynEQ_Soft.xml; Dochenka_8_WideB_DynEQ_Hard.xml
Dynamic EQ,Band 1 Enable,Band enabled,bool,1 or 0,"If 0, other band params may not affect audio",1,Dochenka_10_WideB_Impact_Strong.xml; Dochenka_11_WideB_Impact_Opt.xml; Dochenka_12_WideB_ImpactOpt_ClarityStab_Dark.xml; Dochenka_13_WideB_ImpactOpt_ClarityStab_Open.xml; Dochenka_2_DarkWideSafe_Ozone12.xml; Dochenka_3_StreamingNoClicks_Ozone12.xml; Dochenka_5_Wide_TS_Strong.xml; Dochenka_6_Wide_TS_Extreme.xml; Dochenka_7_WideB_DynEQ_Soft.xml; Dochenka_8_WideB_DynEQ_Hard.xml
Dynamic EQ,Band 1 Frequency,Band center/cutoff frequency,Hz float,material-dependent,Use frequency map; avoid blind broad changes,"250,00000000; 299,42401123; 299,42416382",Dochenka_10_WideB_Impact_Strong.xml; Dochenka_11_WideB_Impact_Opt.xml; Dochenka_12_WideB_ImpactOpt_ClarityStab_Dark.xml; Dochenka_13_WideB_ImpactOpt_ClarityStab_Open.xml; Dochenka_2_DarkWideSafe_Ozone12.xml; Dochenka_3_StreamingNoClicks_Ozone12.xml; Dochenka_5_Wide_TS_Strong.xml; Dochenka_6_Wide_TS_Extreme.xml; Dochenka_7_WideB_DynEQ_Soft.xml; Dochenka_8_WideB_DynEQ_Hard.xml
Dynamic EQ,Band 1 Gain,Band gain,dB float,-3..+2 typical; Dynamic EQ often negative,Static EQ/DynEQ band gain,"-0,45000000; -0,70000000; -1,00000000; -1,10000000; -1,10000038; -1,15000000; -1,20000000",Dochenka_10_WideB_Impact_Strong.xml; Dochenka_11_WideB_Impact_Opt.xml; Dochenka_12_WideB_ImpactOpt_ClarityStab_Dark.xml; Dochenka_13_WideB_ImpactOpt_ClarityStab_Open.xml; Dochenka_2_DarkWideSafe_Ozone12.xml; Dochenka_3_StreamingNoClicks_Ozone12.xml; Dochenka_5_Wide_TS_Strong.xml; Dochenka_6_Wide_TS_Extreme.xml; Dochenka_7_WideB_DynEQ_Soft.xml; Dochenka_8_WideB_DynEQ_Hard.xml
Dynamic EQ,Band 1 Q,Band Q / width,float,0.7..5 depending task,Higher = narrower,"1,20000000",Za_Hutorom_FINAL_WOW_Streaming_Ozone12.xml
Dynamic EQ,Band 1 Shape,Filter shape enum,enum int,verify from GUI/template,Do not change blindly,0,Dochenka_10_WideB_Impact_Strong.xml; Dochenka_11_WideB_Impact_Opt.xml; Dochenka_12_WideB_ImpactOpt_ClarityStab_Dark.xml; Dochenka_13_WideB_ImpactOpt_ClarityStab_Open.xml; Dochenka_2_DarkWideSafe_Ozone12.xml; Dochenka_3_StreamingNoClicks_Ozone12.xml; Dochenka_5_Wide_TS_Strong.xml; Dochenka_6_Wide_TS_Extreme.xml; Dochenka_7_WideB_DynEQ_Soft.xml; Dochenka_8_WideB_DynEQ_Hard.xml
Dynamic EQ,Band 1 Threshold,Dynamic EQ threshold,dB float,set by render/listening,More negative can trigger more often; measure/listen,"-21,56971741; -22,00000000; -24,00000000",Dochenka_10_WideB_Impact_Strong.xml; Dochenka_11_WideB_Impact_Opt.xml; Dochenka_12_WideB_ImpactOpt_ClarityStab_Dark.xml; Dochenka_13_WideB_ImpactOpt_ClarityStab_Open.xml; Dochenka_2_DarkWideSafe_Ozone12.xml; Dochenka_3_StreamingNoClicks_Ozone12.xml; Dochenka_5_Wide_TS_Strong.xml; Dochenka_6_Wide_TS_Extreme.xml; Dochenka_7_WideB_DynEQ_Soft.xml; Dochenka_8_WideB_DynEQ_Hard.xml
Dynamic EQ,Band 1 Visible,GUI visibility,bool,1,Usually not audio-critical,1,Dochenka_10_WideB_Impact_Strong.xml; Dochenka_11_WideB_Impact_Opt.xml; Dochenka_12_WideB_ImpactOpt_ClarityStab_Dark.xml; Dochenka_13_WideB_ImpactOpt_ClarityStab_Open.xml; Dochenka_2_DarkWideSafe_Ozone12.xml; Dochenka_3_StreamingNoClicks_Ozone12.xml; Dochenka_5_Wide_TS_Strong.xml; Dochenka_6_Wide_TS_Extreme.xml; Dochenka_7_WideB_DynEQ_Soft.xml; Dochenka_8_WideB_DynEQ_Hard.xml
Dynamic EQ,Band 2 Threshold,Dynamic EQ threshold,dB float,set by render/listening,More negative can trigger more often; measure/listen,"-21,70204926",Dochenka_10_WideB_Impact_Strong.xml; Dochenka_11_WideB_Impact_Opt.xml; Dochenka_12_WideB_ImpactOpt_ClarityStab_Dark.xml; Dochenka_13_WideB_ImpactOpt_ClarityStab_Open.xml; Dochenka_2_DarkWideSafe_Ozone12.xml; Dochenka_3_StreamingNoClicks_Ozone12.xml; Dochenka_5_Wide_TS_Strong.xml; Dochenka_6_Wide_TS_Extreme.xml; Dochenka_7_WideB_DynEQ_Soft.xml; Dochenka_8_WideB_DynEQ_Hard.xml
Dynamic EQ,Band 3 Enable,Band enabled,bool,1 or 0,"If 0, other band params may not affect audio",1,Dochenka_10_WideB_Impact_Strong.xml; Dochenka_11_WideB_Impact_Opt.xml; Dochenka_12_WideB_ImpactOpt_ClarityStab_Dark.xml; Dochenka_13_WideB_ImpactOpt_ClarityStab_Open.xml; Dochenka_2_DarkWideSafe_Ozone12.xml; Dochenka_3_StreamingNoClicks_Ozone12.xml; Dochenka_5_Wide_TS_Strong.xml; Dochenka_6_Wide_TS_Extreme.xml; Dochenka_7_WideB_DynEQ_Soft.xml; Dochenka_8_WideB_DynEQ_Hard.xml
Dynamic EQ,Band 3 Frequency,Band center/cutoff frequency,Hz float,material-dependent,Use frequency map; avoid blind broad changes,"1002,39117432; 1002,39178467; 3200,00000000",Dochenka_10_WideB_Impact_Strong.xml; Dochenka_11_WideB_Impact_Opt.xml; Dochenka_12_WideB_ImpactOpt_ClarityStab_Dark.xml; Dochenka_13_WideB_ImpactOpt_ClarityStab_Open.xml; Dochenka_2_DarkWideSafe_Ozone12.xml; Dochenka_3_StreamingNoClicks_Ozone12.xml; Dochenka_5_Wide_TS_Strong.xml; Dochenka_6_Wide_TS_Extreme.xml; Dochenka_7_WideB_DynEQ_Soft.xml; Dochenka_8_WideB_DynEQ_Hard.xml
Dynamic EQ,Band 3 Gain,Band gain,dB float,-3..+2 typical; Dynamic EQ often negative,Static EQ/DynEQ band gain,"-0,55000000; -0,60000000; -0,70000000; -0,75000000; -0,75000191; -0,85000000",Dochenka_10_WideB_Impact_Strong.xml; Dochenka_11_WideB_Impact_Opt.xml; Dochenka_12_WideB_ImpactOpt_ClarityStab_Dark.xml; Dochenka_13_WideB_ImpactOpt_ClarityStab_Open.xml; Dochenka_2_DarkWideSafe_Ozone12.xml; Dochenka_3_StreamingNoClicks_Ozone12.xml; Dochenka_5_Wide_TS_Strong.xml; Dochenka_6_Wide_TS_Extreme.xml; Dochenka_7_WideB_DynEQ_Soft.xml; Dochenka_8_WideB_DynEQ_Hard.xml
Dynamic EQ,Band 3 Q,Band Q / width,float,0.7..5 depending task,Higher = narrower,"3,00000000; 4,50000000",Dochenka_10_WideB_Impact_Strong.xml; Dochenka_11_WideB_Impact_Opt.xml; Dochenka_12_WideB_ImpactOpt_ClarityStab_Dark.xml; Dochenka_13_WideB_ImpactOpt_ClarityStab_Open.xml; Dochenka_2_DarkWideSafe_Ozone12.xml; Dochenka_3_StreamingNoClicks_Ozone12.xml; Dochenka_5_Wide_TS_Strong.xml; Dochenka_6_Wide_TS_Extreme.xml; Dochenka_7_WideB_DynEQ_Soft.xml; Dochenka_8_WideB_DynEQ_Hard.xml
Dynamic EQ,Band 3 Shape,Filter shape enum,enum int,verify from GUI/template,Do not change blindly,0,Dochenka_10_WideB_Impact_Strong.xml; Dochenka_11_WideB_Impact_Opt.xml; Dochenka_12_WideB_ImpactOpt_ClarityStab_Dark.xml; Dochenka_13_WideB_ImpactOpt_ClarityStab_Open.xml; Dochenka_2_DarkWideSafe_Ozone12.xml; Dochenka_3_StreamingNoClicks_Ozone12.xml; Dochenka_5_Wide_TS_Strong.xml; Dochenka_6_Wide_TS_Extreme.xml; Dochenka_7_WideB_DynEQ_Soft.xml; Dochenka_8_WideB_DynEQ_Hard.xml
Dynamic EQ,Band 3 Threshold,Dynamic EQ threshold,dB float,set by render/listening,More negative can trigger more often; measure/listen,"-24,00000000; -24,50000000; -25,00000000",Dochenka_10_WideB_Impact_Strong.xml; Dochenka_11_WideB_Impact_Opt.xml; Dochenka_12_WideB_ImpactOpt_ClarityStab_Dark.xml; Dochenka_13_WideB_ImpactOpt_ClarityStab_Open.xml; Dochenka_2_DarkWideSafe_Ozone12.xml; Dochenka_3_StreamingNoClicks_Ozone12.xml; Dochenka_5_Wide_TS_Strong.xml; Dochenka_6_Wide_TS_Extreme.xml; Dochenka_7_WideB_DynEQ_Soft.xml; Dochenka_8_WideB_DynEQ_Hard.xml
Dynamic EQ,Band 3 Visible,GUI visibility,bool,1,Usually not audio-critical,1,Dochenka_10_WideB_Impact_Strong.xml; Dochenka_11_WideB_Impact_Opt.xml; Dochenka_12_WideB_ImpactOpt_ClarityStab_Dark.xml; Dochenka_13_WideB_ImpactOpt_ClarityStab_Open.xml; Dochenka_2_DarkWideSafe_Ozone12.xml; Dochenka_3_StreamingNoClicks_Ozone12.xml; Dochenka_5_Wide_TS_Strong.xml; Dochenka_6_Wide_TS_Extreme.xml; Dochenka_7_WideB_DynEQ_Soft.xml; Dochenka_8_WideB_DynEQ_Hard.xml
Dynamic EQ,Band 4 Enable,Band enabled,bool,1 or 0,"If 0, other band params may not affect audio",1,Dochenka_10_WideB_Impact_Strong.xml; Dochenka_11_WideB_Impact_Opt.xml; Dochenka_12_WideB_ImpactOpt_ClarityStab_Dark.xml; Dochenka_13_WideB_ImpactOpt_ClarityStab_Open.xml; Dochenka_2_DarkWideSafe_Ozone12.xml; Dochenka_3_StreamingNoClicks_Ozone12.xml; Dochenka_5_Wide_TS_Strong.xml; Dochenka_6_Wide_TS_Extreme.xml; Dochenka_7_WideB_DynEQ_Soft.xml; Dochenka_8_WideB_DynEQ_Hard.xml
Dynamic EQ,Band 4 Frequency,Band center/cutoff frequency,Hz float,material-dependent,Use frequency map; avoid blind broad changes,"1616,85168457; 1616,85363770; 7200,00000000",Dochenka_10_WideB_Impact_Strong.xml; Dochenka_11_WideB_Impact_Opt.xml; Dochenka_12_WideB_ImpactOpt_ClarityStab_Dark.xml; Dochenka_13_WideB_ImpactOpt_ClarityStab_Open.xml; Dochenka_2_DarkWideSafe_Ozone12.xml; Dochenka_3_StreamingNoClicks_Ozone12.xml; Dochenka_5_Wide_TS_Strong.xml; Dochenka_6_Wide_TS_Extreme.xml; Dochenka_7_WideB_DynEQ_Soft.xml; Dochenka_8_WideB_DynEQ_Hard.xml
Dynamic EQ,Band 4 Gain,Band gain,dB float,-3..+2 typical; Dynamic EQ often negative,Static EQ/DynEQ band gain,"-0,40000000; -0,54999924; -0,55000000; -0,65000000; -0,95000000; -1,40000000",Dochenka_10_WideB_Impact_Strong.xml; Dochenka_11_WideB_Impact_Opt.xml; Dochenka_12_WideB_ImpactOpt_ClarityStab_Dark.xml; Dochenka_13_WideB_ImpactOpt_ClarityStab_Open.xml; Dochenka_2_DarkWideSafe_Ozone12.xml; Dochenka_3_StreamingNoClicks_Ozone12.xml; Dochenka_5_Wide_TS_Strong.xml; Dochenka_6_Wide_TS_Extreme.xml; Dochenka_7_WideB_DynEQ_Soft.xml; Dochenka_8_WideB_DynEQ_Hard.xml
Dynamic EQ,Band 4 Q,Band Q / width,float,0.7..5 depending task,Higher = narrower,"4,00000000; 4,50000000",Dochenka_10_WideB_Impact_Strong.xml; Dochenka_11_WideB_Impact_Opt.xml; Dochenka_12_WideB_ImpactOpt_ClarityStab_Dark.xml; Dochenka_13_WideB_ImpactOpt_ClarityStab_Open.xml; Dochenka_2_DarkWideSafe_Ozone12.xml; Dochenka_3_StreamingNoClicks_Ozone12.xml; Dochenka_5_Wide_TS_Strong.xml; Dochenka_6_Wide_TS_Extreme.xml; Dochenka_7_WideB_DynEQ_Soft.xml; Dochenka_8_WideB_DynEQ_Hard.xml
Dynamic EQ,Band 4 Shape,Filter shape enum,enum int,verify from GUI/template,Do not change blindly,0,Dochenka_10_WideB_Impact_Strong.xml; Dochenka_11_WideB_Impact_Opt.xml; Dochenka_12_WideB_ImpactOpt_ClarityStab_Dark.xml; Dochenka_13_WideB_ImpactOpt_ClarityStab_Open.xml; Dochenka_2_DarkWideSafe_Ozone12.xml; Dochenka_3_StreamingNoClicks_Ozone12.xml; Dochenka_5_Wide_TS_Strong.xml; Dochenka_6_Wide_TS_Extreme.xml; Dochenka_7_WideB_DynEQ_Soft.xml; Dochenka_8_WideB_DynEQ_Hard.xml
Dynamic EQ,Band 4 Threshold,Dynamic EQ threshold,dB float,set by render/listening,More negative can trigger more often; measure/listen,"-24,00000000; -25,00000000; -26,00000000",Dochenka_10_WideB_Impact_Strong.xml; Dochenka_11_WideB_Impact_Opt.xml; Dochenka_12_WideB_ImpactOpt_ClarityStab_Dark.xml; Dochenka_13_WideB_ImpactOpt_ClarityStab_Open.xml; Dochenka_2_DarkWideSafe_Ozone12.xml; Dochenka_3_StreamingNoClicks_Ozone12.xml; Dochenka_5_Wide_TS_Strong.xml; Dochenka_6_Wide_TS_Extreme.xml; Dochenka_7_WideB_DynEQ_Soft.xml; Dochenka_8_WideB_DynEQ_Hard.xml
Dynamic EQ,Band 4 Visible,GUI visibility,bool,1,Usually not audio-critical,1,Dochenka_10_WideB_Impact_Strong.xml; Dochenka_11_WideB_Impact_Opt.xml; Dochenka_12_WideB_ImpactOpt_ClarityStab_Dark.xml; Dochenka_13_WideB_ImpactOpt_ClarityStab_Open.xml; Dochenka_2_DarkWideSafe_Ozone12.xml; Dochenka_3_StreamingNoClicks_Ozone12.xml; Dochenka_5_Wide_TS_Strong.xml; Dochenka_6_Wide_TS_Extreme.xml; Dochenka_7_WideB_DynEQ_Soft.xml; Dochenka_8_WideB_DynEQ_Hard.xml
Dynamic EQ,Band 5 Enable,Band enabled,bool,1 or 0,"If 0, other band params may not affect audio",1,Dochenka_10_WideB_Impact_Strong.xml; Dochenka_11_WideB_Impact_Opt.xml; Dochenka_12_WideB_ImpactOpt_ClarityStab_Dark.xml; Dochenka_13_WideB_ImpactOpt_ClarityStab_Open.xml; Dochenka_3_StreamingNoClicks_Ozone12.xml; Dochenka_5_Wide_TS_Strong.xml; Dochenka_6_Wide_TS_Extreme.xml; Dochenka_7_WideB_DynEQ_Soft.xml; Dochenka_8_WideB_DynEQ_Hard.xml; Dochenka_9_WideB_Impact_Soft.xml
Dynamic EQ,Band 5 Frequency,Band center/cutoff frequency,Hz float,material-dependent,Use frequency map; avoid blind broad changes,"12000,00000000; 4630,55029297",Dochenka_10_WideB_Impact_Strong.xml; Dochenka_11_WideB_Impact_Opt.xml; Dochenka_12_WideB_ImpactOpt_ClarityStab_Dark.xml; Dochenka_13_WideB_ImpactOpt_ClarityStab_Open.xml; Dochenka_3_StreamingNoClicks_Ozone12.xml; Dochenka_5_Wide_TS_Strong.xml; Dochenka_6_Wide_TS_Extreme.xml; Dochenka_7_WideB_DynEQ_Soft.xml; Dochenka_8_WideB_DynEQ_Hard.xml; Dochenka_9_WideB_Impact_Soft.xml
Dynamic EQ,Band 5 Gain,Band gain,dB float,-3..+2 typical; Dynamic EQ often negative,Static EQ/DynEQ band gain,"-0,45000000; -0,80000000; -1,00000000; -1,35000000; -1,35000038; -1,80000000",Dochenka_10_WideB_Impact_Strong.xml; Dochenka_11_WideB_Impact_Opt.xml; Dochenka_12_WideB_ImpactOpt_ClarityStab_Dark.xml; Dochenka_13_WideB_ImpactOpt_ClarityStab_Open.xml; Dochenka_3_StreamingNoClicks_Ozone12.xml; Dochenka_5_Wide_TS_Strong.xml; Dochenka_6_Wide_TS_Extreme.xml; Dochenka_7_WideB_DynEQ_Soft.xml; Dochenka_8_WideB_DynEQ_Hard.xml; Dochenka_9_WideB_Impact_Soft.xml
Dynamic EQ,Band 5 Q,Band Q / width,float,0.7..5 depending task,Higher = narrower,"3,00000000; 4,50000000",Dochenka_10_WideB_Impact_Strong.xml; Dochenka_11_WideB_Impact_Opt.xml; Dochenka_12_WideB_ImpactOpt_ClarityStab_Dark.xml; Dochenka_13_WideB_ImpactOpt_ClarityStab_Open.xml; Dochenka_3_StreamingNoClicks_Ozone12.xml; Dochenka_5_Wide_TS_Strong.xml; Dochenka_6_Wide_TS_Extreme.xml; Dochenka_7_WideB_DynEQ_Soft.xml; Dochenka_8_WideB_DynEQ_Hard.xml; Dochenka_9_WideB_Impact_Soft.xml
Dynamic EQ,Band 5 Shape,Filter shape enum,enum int,verify from GUI/template,Do not change blindly,0,Dochenka_10_WideB_Impact_Strong.xml; Dochenka_11_WideB_Impact_Opt.xml; Dochenka_12_WideB_ImpactOpt_ClarityStab_Dark.xml; Dochenka_13_WideB_ImpactOpt_ClarityStab_Open.xml; Dochenka_3_StreamingNoClicks_Ozone12.xml; Dochenka_5_Wide_TS_Strong.xml; Dochenka_6_Wide_TS_Extreme.xml; Dochenka_7_WideB_DynEQ_Soft.xml; Dochenka_8_WideB_DynEQ_Hard.xml; Dochenka_9_WideB_Impact_Soft.xml
Dynamic EQ,Band 5 Threshold,Dynamic EQ threshold,dB float,set by render/listening,More negative can trigger more often; measure/listen,"-21,35211945; -25,50000000; -26,50000000; -27,00000000; -27,50000000",Dochenka_10_WideB_Impact_Strong.xml; Dochenka_11_WideB_Impact_Opt.xml; Dochenka_12_WideB_ImpactOpt_ClarityStab_Dark.xml; Dochenka_13_WideB_ImpactOpt_ClarityStab_Open.xml; Dochenka_2_DarkWideSafe_Ozone12.xml; Dochenka_3_StreamingNoClicks_Ozone12.xml; Dochenka_5_Wide_TS_Strong.xml; Dochenka_6_Wide_TS_Extreme.xml; Dochenka_7_WideB_DynEQ_Soft.xml; Dochenka_8_WideB_DynEQ_Hard.xml
Dynamic EQ,Band 5 Visible,GUI visibility,bool,1,Usually not audio-critical,1,Dochenka_10_WideB_Impact_Strong.xml; Dochenka_11_WideB_Impact_Opt.xml; Dochenka_12_WideB_ImpactOpt_ClarityStab_Dark.xml; Dochenka_13_WideB_ImpactOpt_ClarityStab_Open.xml; Dochenka_3_StreamingNoClicks_Ozone12.xml; Dochenka_5_Wide_TS_Strong.xml; Dochenka_6_Wide_TS_Extreme.xml; Dochenka_7_WideB_DynEQ_Soft.xml; Dochenka_8_WideB_DynEQ_Hard.xml; Dochenka_9_WideB_Impact_Soft.xml
Dynamic EQ,Band 6 Enable,Band enabled,bool,1 or 0,"If 0, other band params may not affect audio",0; 1,Dochenka_10_WideB_Impact_Strong.xml; Dochenka_11_WideB_Impact_Opt.xml; Dochenka_12_WideB_ImpactOpt_ClarityStab_Dark.xml; Dochenka_13_WideB_ImpactOpt_ClarityStab_Open.xml; Dochenka_2_DarkWideSafe_Ozone12.xml; Dochenka_3_StreamingNoClicks_Ozone12.xml; Dochenka_5_Wide_TS_Strong.xml; Dochenka_6_Wide_TS_Extreme.xml; Dochenka_7_WideB_DynEQ_Soft.xml; Dochenka_8_WideB_DynEQ_Hard.xml
Dynamic EQ,Band 6 Frequency,Band center/cutoff frequency,Hz float,material-dependent,Use frequency map; avoid blind broad changes,"12259,36230469; 16000,00000000",Dochenka_10_WideB_Impact_Strong.xml; Dochenka_11_WideB_Impact_Opt.xml; Dochenka_12_WideB_ImpactOpt_ClarityStab_Dark.xml; Dochenka_13_WideB_ImpactOpt_ClarityStab_Open.xml; Dochenka_2_DarkWideSafe_Ozone12.xml; Dochenka_3_StreamingNoClicks_Ozone12.xml; Dochenka_5_Wide_TS_Strong.xml; Dochenka_6_Wide_TS_Extreme.xml; Dochenka_7_WideB_DynEQ_Soft.xml; Dochenka_8_WideB_DynEQ_Hard.xml
Dynamic EQ,Band 6 Gain,Band gain,dB float,-3..+2 typical; Dynamic EQ often negative,Static EQ/DynEQ band gain,"-2,00000000; -2,15000000; -2,29999924; -2,30000000; -2,70000000; 0,00000000",Dochenka_10_WideB_Impact_Strong.xml; Dochenka_11_WideB_Impact_Opt.xml; Dochenka_12_WideB_ImpactOpt_ClarityStab_Dark.xml; Dochenka_13_WideB_ImpactOpt_ClarityStab_Open.xml; Dochenka_2_DarkWideSafe_Ozone12.xml; Dochenka_3_StreamingNoClicks_Ozone12.xml; Dochenka_5_Wide_TS_Strong.xml; Dochenka_6_Wide_TS_Extreme.xml; Dochenka_7_WideB_DynEQ_Soft.xml; Dochenka_8_WideB_DynEQ_Hard.xml
Dynamic EQ,Band 6 Threshold,Dynamic EQ threshold,dB float,set by render/listening,More negative can trigger more often; measure/listen,"-26,50000000; -27,00000000; -27,25000000; -27,25226593; -28,00000000; -30,00000000",Dochenka_2_DarkWideSafe_Ozone12.xml; Dochenka_3_StreamingNoClicks_Ozone12.xml; Dochenka_7_WideB_DynEQ_Soft.xml; Dochenka_8_WideB_DynEQ_Hard.xml; Za_Hutorom_FINAL_WOW_Streaming_Ozone12.xml; Za_Hutorom_Ozone12_ModernPop_Streaming_Start.xml
Dynamic EQ,Band 6 Visible,GUI visibility,bool,1,Usually not audio-critical,1,Dochenka_10_WideB_Impact_Strong.xml; Dochenka_11_WideB_Impact_Opt.xml; Dochenka_12_WideB_ImpactOpt_ClarityStab_Dark.xml; Dochenka_13_WideB_ImpactOpt_ClarityStab_Open.xml; Dochenka_2_DarkWideSafe_Ozone12.xml; Dochenka_3_StreamingNoClicks_Ozone12.xml; Dochenka_5_Wide_TS_Strong.xml; Dochenka_6_Wide_TS_Extreme.xml; Dochenka_7_WideB_DynEQ_Soft.xml; Dochenka_8_WideB_DynEQ_Hard.xml
Dynamics,Active Band,OBSERVED_UNKNOWN,unknown,do not change blindly,Observed in XML but not semantically confirmed,1,Dochenka_10_WideB_Impact_Strong.xml; Dochenka_11_WideB_Impact_Opt.xml; Dochenka_12_WideB_ImpactOpt_ClarityStab_Dark.xml; Dochenka_13_WideB_ImpactOpt_ClarityStab_Open.xml; Dochenka_5_Wide_TS_Strong.xml; Dochenka_6_Wide_TS_Extreme.xml; Dochenka_7_WideB_DynEQ_Soft.xml; Dochenka_8_WideB_DynEQ_Hard.xml; Dochenka_9_WideB_Impact_Soft.xml; Dochenka_FINAL_Ozone12_Streaming_WideB_ImpactOpt_Open.xml
Dynamics,Auto Gain Compensation,OBSERVED_UNKNOWN,unknown,do not change blindly,Observed in XML but not semantically confirmed,1,Dochenka_10_WideB_Impact_Strong.xml; Dochenka_11_WideB_Impact_Opt.xml; Dochenka_12_WideB_ImpactOpt_ClarityStab_Dark.xml; Dochenka_13_WideB_ImpactOpt_ClarityStab_Open.xml; Dochenka_2_DarkWideSafe_Ozone12.xml; Dochenka_3_StreamingNoClicks_Ozone12.xml; Dochenka_5_Wide_TS_Strong.xml; Dochenka_6_Wide_TS_Extreme.xml; Dochenka_7_WideB_DynEQ_Soft.xml; Dochenka_8_WideB_DynEQ_Hard.xml
Dynamics,Band 0 Bypass,OBSERVED_UNKNOWN,unknown,do not change blindly,Observed in XML but not semantically confirmed,1,Dochenka_10_WideB_Impact_Strong.xml; Dochenka_11_WideB_Impact_Opt.xml; Dochenka_12_WideB_ImpactOpt_ClarityStab_Dark.xml; Dochenka_13_WideB_ImpactOpt_ClarityStab_Open.xml; Dochenka_2_DarkWideSafe_Ozone12.xml; Dochenka_3_StreamingNoClicks_Ozone12.xml; Dochenka_5_Wide_TS_Strong.xml; Dochenka_6_Wide_TS_Extreme.xml; Dochenka_7_WideB_DynEQ_Soft.xml; Dochenka_8_WideB_DynEQ_Hard.xml
Dynamics,Band 1 Active,OBSERVED_UNKNOWN,unknown,do not change blindly,Observed in XML but not semantically confirmed,1,Dochenka_10_WideB_Impact_Strong.xml; Dochenka_11_WideB_Impact_Opt.xml; Dochenka_12_WideB_ImpactOpt_ClarityStab_Dark.xml; Dochenka_13_WideB_ImpactOpt_ClarityStab_Open.xml; Dochenka_2_DarkWideSafe_Ozone12.xml; Dochenka_3_StreamingNoClicks_Ozone12.xml; Dochenka_5_Wide_TS_Strong.xml; Dochenka_6_Wide_TS_Extreme.xml; Dochenka_7_WideB_DynEQ_Soft.xml; Dochenka_8_WideB_DynEQ_Hard.xml
Dynamics,Band 1 Comp Ratio,OBSERVED_UNKNOWN,unknown,do not change blindly,Observed in XML but not semantically confirmed,"1,70000005",Dochenka_10_WideB_Impact_Strong.xml; Dochenka_11_WideB_Impact_Opt.xml; Dochenka_12_WideB_ImpactOpt_ClarityStab_Dark.xml; Dochenka_13_WideB_ImpactOpt_ClarityStab_Open.xml; Dochenka_2_DarkWideSafe_Ozone12.xml; Dochenka_3_StreamingNoClicks_Ozone12.xml; Dochenka_5_Wide_TS_Strong.xml; Dochenka_6_Wide_TS_Extreme.xml; Dochenka_7_WideB_DynEQ_Soft.xml; Dochenka_8_WideB_DynEQ_Hard.xml
Dynamics,Band 1 Comp Release,OBSERVED_UNKNOWN,unknown,do not change blindly,Observed in XML but not semantically confirmed,"40,00000000",Dochenka_10_WideB_Impact_Strong.xml; Dochenka_11_WideB_Impact_Opt.xml; Dochenka_12_WideB_ImpactOpt_ClarityStab_Dark.xml; Dochenka_13_WideB_ImpactOpt_ClarityStab_Open.xml; Dochenka_2_DarkWideSafe_Ozone12.xml; Dochenka_3_StreamingNoClicks_Ozone12.xml; Dochenka_5_Wide_TS_Strong.xml; Dochenka_6_Wide_TS_Extreme.xml; Dochenka_7_WideB_DynEQ_Soft.xml; Dochenka_8_WideB_DynEQ_Hard.xml
Dynamics,Band 1 Comp Soft Knee,OBSERVED_UNKNOWN,unknown,do not change blindly,Observed in XML but not semantically confirmed,"0,00000000",Dochenka_10_WideB_Impact_Strong.xml; Dochenka_11_WideB_Impact_Opt.xml; Dochenka_12_WideB_ImpactOpt_ClarityStab_Dark.xml; Dochenka_13_WideB_ImpactOpt_ClarityStab_Open.xml; Dochenka_2_DarkWideSafe_Ozone12.xml; Dochenka_3_StreamingNoClicks_Ozone12.xml; Dochenka_5_Wide_TS_Strong.xml; Dochenka_6_Wide_TS_Extreme.xml; Dochenka_7_WideB_DynEQ_Soft.xml; Dochenka_8_WideB_DynEQ_Hard.xml
Dynamics,Band 1 Mix,OBSERVED_UNKNOWN,unknown,do not change blindly,Observed in XML but not semantically confirmed,"60,00000381",Dochenka_10_WideB_Impact_Strong.xml; Dochenka_11_WideB_Impact_Opt.xml; Dochenka_12_WideB_ImpactOpt_ClarityStab_Dark.xml; Dochenka_13_WideB_ImpactOpt_ClarityStab_Open.xml; Dochenka_2_DarkWideSafe_Ozone12.xml; Dochenka_3_StreamingNoClicks_Ozone12.xml; Dochenka_5_Wide_TS_Strong.xml; Dochenka_6_Wide_TS_Extreme.xml; Dochenka_7_WideB_DynEQ_Soft.xml; Dochenka_8_WideB_DynEQ_Hard.xml
Dynamics,Band 2 Comp Attack,OBSERVED_UNKNOWN,unknown,do not change blindly,Observed in XML but not semantically confirmed,"15,00000000",Dochenka_10_WideB_Impact_Strong.xml; Dochenka_11_WideB_Impact_Opt.xml; Dochenka_12_WideB_ImpactOpt_ClarityStab_Dark.xml; Dochenka_13_WideB_ImpactOpt_ClarityStab_Open.xml; Dochenka_2_DarkWideSafe_Ozone12.xml; Dochenka_3_StreamingNoClicks_Ozone12.xml; Dochenka_5_Wide_TS_Strong.xml; Dochenka_6_Wide_TS_Extreme.xml; Dochenka_7_WideB_DynEQ_Soft.xml; Dochenka_8_WideB_DynEQ_Hard.xml
Dynamics,Band 2 Comp Ratio,OBSERVED_UNKNOWN,unknown,do not change blindly,Observed in XML but not semantically confirmed,"1,70000005",Dochenka_10_WideB_Impact_Strong.xml; Dochenka_11_WideB_Impact_Opt.xml; Dochenka_12_WideB_ImpactOpt_ClarityStab_Dark.xml; Dochenka_13_WideB_ImpactOpt_ClarityStab_Open.xml; Dochenka_2_DarkWideSafe_Ozone12.xml; Dochenka_3_StreamingNoClicks_Ozone12.xml; Dochenka_5_Wide_TS_Strong.xml; Dochenka_6_Wide_TS_Extreme.xml; Dochenka_7_WideB_DynEQ_Soft.xml; Dochenka_8_WideB_DynEQ_Hard.xml
Dynamics,Band 2 Comp Release,OBSERVED_UNKNOWN,unknown,do not change blindly,Observed in XML but not semantically confirmed,"10,00000000",Dochenka_10_WideB_Impact_Strong.xml; Dochenka_11_WideB_Impact_Opt.xml; Dochenka_12_WideB_ImpactOpt_ClarityStab_Dark.xml; Dochenka_13_WideB_ImpactOpt_ClarityStab_Open.xml; Dochenka_2_DarkWideSafe_Ozone12.xml; Dochenka_3_StreamingNoClicks_Ozone12.xml; Dochenka_5_Wide_TS_Strong.xml; Dochenka_6_Wide_TS_Extreme.xml; Dochenka_7_WideB_DynEQ_Soft.xml; Dochenka_8_WideB_DynEQ_Hard.xml
Dynamics,Band 2 Comp Soft Knee,OBSERVED_UNKNOWN,unknown,do not change blindly,Observed in XML but not semantically confirmed,"0,00000000",Dochenka_10_WideB_Impact_Strong.xml; Dochenka_11_WideB_Impact_Opt.xml; Dochenka_12_WideB_ImpactOpt_ClarityStab_Dark.xml; Dochenka_13_WideB_ImpactOpt_ClarityStab_Open.xml; Dochenka_2_DarkWideSafe_Ozone12.xml; Dochenka_3_StreamingNoClicks_Ozone12.xml; Dochenka_5_Wide_TS_Strong.xml; Dochenka_6_Wide_TS_Extreme.xml; Dochenka_7_WideB_DynEQ_Soft.xml; Dochenka_8_WideB_DynEQ_Hard.xml
Dynamics,Band 2 Mix,OBSERVED_UNKNOWN,unknown,do not change blindly,Observed in XML but not semantically confirmed,"50,00000000",Dochenka_10_WideB_Impact_Strong.xml; Dochenka_11_WideB_Impact_Opt.xml; Dochenka_12_WideB_ImpactOpt_ClarityStab_Dark.xml; Dochenka_13_WideB_ImpactOpt_ClarityStab_Open.xml; Dochenka_2_DarkWideSafe_Ozone12.xml; Dochenka_3_StreamingNoClicks_Ozone12.xml; Dochenka_5_Wide_TS_Strong.xml; Dochenka_6_Wide_TS_Extreme.xml; Dochenka_7_WideB_DynEQ_Soft.xml; Dochenka_8_WideB_DynEQ_Hard.xml
Dynamics,Mode,OBSERVED_UNKNOWN,unknown,do not change blindly,Observed in XML but not semantically confirmed,1,Dochenka_10_WideB_Impact_Strong.xml; Dochenka_11_WideB_Impact_Opt.xml; Dochenka_12_WideB_ImpactOpt_ClarityStab_Dark.xml; Dochenka_13_WideB_ImpactOpt_ClarityStab_Open.xml; Dochenka_2_DarkWideSafe_Ozone12.xml; Dochenka_3_StreamingNoClicks_Ozone12.xml; Dochenka_5_Wide_TS_Strong.xml; Dochenka_6_Wide_TS_Extreme.xml; Dochenka_7_WideB_DynEQ_Soft.xml; Dochenka_8_WideB_DynEQ_Hard.xml
Equalizer,Band 1 Enable,Band enabled,bool,1 or 0,"If 0, other band params may not affect audio",1,Dochenka_10_WideB_Impact_Strong.xml; Dochenka_11_WideB_Impact_Opt.xml; Dochenka_12_WideB_ImpactOpt_ClarityStab_Dark.xml; Dochenka_13_WideB_ImpactOpt_ClarityStab_Open.xml; Dochenka_2_DarkWideSafe_Ozone12.xml; Dochenka_3_StreamingNoClicks_Ozone12.xml; Dochenka_5_Wide_TS_Strong.xml; Dochenka_6_Wide_TS_Extreme.xml; Dochenka_7_WideB_DynEQ_Soft.xml; Dochenka_8_WideB_DynEQ_Hard.xml
Equalizer,Band 1 Frequency,Band center/cutoff frequency,Hz float,material-dependent,Use frequency map; avoid blind broad changes,"28,00000000; 30,00000000; 30,16315269; 30,16315460",Dochenka_10_WideB_Impact_Strong.xml; Dochenka_11_WideB_Impact_Opt.xml; Dochenka_12_WideB_ImpactOpt_ClarityStab_Dark.xml; Dochenka_13_WideB_ImpactOpt_ClarityStab_Open.xml; Dochenka_2_DarkWideSafe_Ozone12.xml; Dochenka_3_StreamingNoClicks_Ozone12.xml; Dochenka_5_Wide_TS_Strong.xml; Dochenka_6_Wide_TS_Extreme.xml; Dochenka_7_WideB_DynEQ_Soft.xml; Dochenka_8_WideB_DynEQ_Hard.xml
Equalizer,Band 1 Gain,Band gain,dB float,-3..+2 typical; Dynamic EQ often negative,Static EQ/DynEQ band gain,"0,00000000; 2,10188675",Dochenka_10_WideB_Impact_Strong.xml; Dochenka_11_WideB_Impact_Opt.xml; Dochenka_12_WideB_ImpactOpt_ClarityStab_Dark.xml; Dochenka_13_WideB_ImpactOpt_ClarityStab_Open.xml; Dochenka_2_DarkWideSafe_Ozone12.xml; Dochenka_3_StreamingNoClicks_Ozone12.xml; Dochenka_5_Wide_TS_Strong.xml; Dochenka_6_Wide_TS_Extreme.xml; Dochenka_7_WideB_DynEQ_Soft.xml; Dochenka_8_WideB_DynEQ_Hard.xml
Equalizer,Band 1 Q,Band Q / width,float,0.7..5 depending task,Higher = narrower,"8,72222233",Dochenka_10_WideB_Impact_Strong.xml; Dochenka_11_WideB_Impact_Opt.xml; Dochenka_12_WideB_ImpactOpt_ClarityStab_Dark.xml; Dochenka_13_WideB_ImpactOpt_ClarityStab_Open.xml; Dochenka_2_DarkWideSafe_Ozone12.xml; Dochenka_3_StreamingNoClicks_Ozone12.xml; Dochenka_5_Wide_TS_Strong.xml; Dochenka_6_Wide_TS_Extreme.xml; Dochenka_7_WideB_DynEQ_Soft.xml; Dochenka_8_WideB_DynEQ_Hard.xml
Equalizer,Band 1 Visible,GUI visibility,bool,1,Usually not audio-critical,1,Dochenka_10_WideB_Impact_Strong.xml; Dochenka_11_WideB_Impact_Opt.xml; Dochenka_12_WideB_ImpactOpt_ClarityStab_Dark.xml; Dochenka_13_WideB_ImpactOpt_ClarityStab_Open.xml; Dochenka_2_DarkWideSafe_Ozone12.xml; Dochenka_3_StreamingNoClicks_Ozone12.xml; Dochenka_5_Wide_TS_Strong.xml; Dochenka_6_Wide_TS_Extreme.xml; Dochenka_7_WideB_DynEQ_Soft.xml; Dochenka_8_WideB_DynEQ_Hard.xml
Equalizer,Band 2 Enable,Band enabled,bool,1 or 0,"If 0, other band params may not affect audio",1,Dochenka_10_WideB_Impact_Strong.xml; Dochenka_11_WideB_Impact_Opt.xml; Dochenka_12_WideB_ImpactOpt_ClarityStab_Dark.xml; Dochenka_13_WideB_ImpactOpt_ClarityStab_Open.xml; Dochenka_2_DarkWideSafe_Ozone12.xml; Dochenka_3_StreamingNoClicks_Ozone12.xml; Dochenka_5_Wide_TS_Strong.xml; Dochenka_6_Wide_TS_Extreme.xml; Dochenka_7_WideB_DynEQ_Soft.xml; Dochenka_8_WideB_DynEQ_Hard.xml
Equalizer,Band 2 Frequency,Band center/cutoff frequency,Hz float,material-dependent,Use frequency map; avoid blind broad changes,"220,00000000; 258,39843750",Dochenka_10_WideB_Impact_Strong.xml; Dochenka_11_WideB_Impact_Opt.xml; Dochenka_12_WideB_ImpactOpt_ClarityStab_Dark.xml; Dochenka_13_WideB_ImpactOpt_ClarityStab_Open.xml; Dochenka_2_DarkWideSafe_Ozone12.xml; Dochenka_3_StreamingNoClicks_Ozone12.xml; Dochenka_5_Wide_TS_Strong.xml; Dochenka_6_Wide_TS_Extreme.xml; Dochenka_7_WideB_DynEQ_Soft.xml; Dochenka_8_WideB_DynEQ_Hard.xml
Equalizer,Band 2 Gain,Band gain,dB float,-3..+2 typical; Dynamic EQ often negative,Static EQ/DynEQ band gain,"-0,40000000; -0,60000000; 0,86961937",Dochenka_10_WideB_Impact_Strong.xml; Dochenka_11_WideB_Impact_Opt.xml; Dochenka_12_WideB_ImpactOpt_ClarityStab_Dark.xml; Dochenka_13_WideB_ImpactOpt_ClarityStab_Open.xml; Dochenka_2_DarkWideSafe_Ozone12.xml; Dochenka_3_StreamingNoClicks_Ozone12.xml; Dochenka_5_Wide_TS_Strong.xml; Dochenka_6_Wide_TS_Extreme.xml; Dochenka_7_WideB_DynEQ_Soft.xml; Dochenka_8_WideB_DynEQ_Hard.xml
Equalizer,Band 2 Q,Band Q / width,float,0.7..5 depending task,Higher = narrower,"0,88028973; 0,90000000",Dochenka_10_WideB_Impact_Strong.xml; Dochenka_11_WideB_Impact_Opt.xml; Dochenka_12_WideB_ImpactOpt_ClarityStab_Dark.xml; Dochenka_13_WideB_ImpactOpt_ClarityStab_Open.xml; Dochenka_2_DarkWideSafe_Ozone12.xml; Dochenka_3_StreamingNoClicks_Ozone12.xml; Dochenka_5_Wide_TS_Strong.xml; Dochenka_6_Wide_TS_Extreme.xml; Dochenka_7_WideB_DynEQ_Soft.xml; Dochenka_8_WideB_DynEQ_Hard.xml
Equalizer,Band 2 Visible,GUI visibility,bool,1,Usually not audio-critical,1,Dochenka_10_WideB_Impact_Strong.xml; Dochenka_11_WideB_Impact_Opt.xml; Dochenka_12_WideB_ImpactOpt_ClarityStab_Dark.xml; Dochenka_13_WideB_ImpactOpt_ClarityStab_Open.xml; Dochenka_2_DarkWideSafe_Ozone12.xml; Dochenka_3_StreamingNoClicks_Ozone12.xml; Dochenka_5_Wide_TS_Strong.xml; Dochenka_6_Wide_TS_Extreme.xml; Dochenka_7_WideB_DynEQ_Soft.xml; Dochenka_8_WideB_DynEQ_Hard.xml
Equalizer,Band 3 Enable,Band enabled,bool,1 or 0,"If 0, other band params may not affect audio",1,Dochenka_10_WideB_Impact_Strong.xml; Dochenka_11_WideB_Impact_Opt.xml; Dochenka_12_WideB_ImpactOpt_ClarityStab_Dark.xml; Dochenka_13_WideB_ImpactOpt_ClarityStab_Open.xml; Dochenka_2_DarkWideSafe_Ozone12.xml; Dochenka_3_StreamingNoClicks_Ozone12.xml; Dochenka_5_Wide_TS_Strong.xml; Dochenka_6_Wide_TS_Extreme.xml; Dochenka_7_WideB_DynEQ_Soft.xml; Dochenka_8_WideB_DynEQ_Hard.xml
Equalizer,Band 3 Frequency,Band center/cutoff frequency,Hz float,material-dependent,Use frequency map; avoid blind broad changes,"538,33007812; 650,00000000",Dochenka_10_WideB_Impact_Strong.xml; Dochenka_11_WideB_Impact_Opt.xml; Dochenka_12_WideB_ImpactOpt_ClarityStab_Dark.xml; Dochenka_13_WideB_ImpactOpt_ClarityStab_Open.xml; Dochenka_2_DarkWideSafe_Ozone12.xml; Dochenka_3_StreamingNoClicks_Ozone12.xml; Dochenka_5_Wide_TS_Strong.xml; Dochenka_6_Wide_TS_Extreme.xml; Dochenka_7_WideB_DynEQ_Soft.xml; Dochenka_8_WideB_DynEQ_Hard.xml
Equalizer,Band 3 Gain,Band gain,dB float,-3..+2 typical; Dynamic EQ often negative,Static EQ/DynEQ band gain,"0,00000000; 0,20000000; 0,99068642",Dochenka_10_WideB_Impact_Strong.xml; Dochenka_11_WideB_Impact_Opt.xml; Dochenka_12_WideB_ImpactOpt_ClarityStab_Dark.xml; Dochenka_13_WideB_ImpactOpt_ClarityStab_Open.xml; Dochenka_2_DarkWideSafe_Ozone12.xml; Dochenka_3_StreamingNoClicks_Ozone12.xml; Dochenka_5_Wide_TS_Strong.xml; Dochenka_6_Wide_TS_Extreme.xml; Dochenka_7_WideB_DynEQ_Soft.xml; Dochenka_8_WideB_DynEQ_Hard.xml
Equalizer,Band 3 Q,Band Q / width,float,0.7..5 depending task,Higher = narrower,"1,10000000; 1,20000000; 1,32547987",Dochenka_10_WideB_Impact_Strong.xml; Dochenka_11_WideB_Impact_Opt.xml; Dochenka_12_WideB_ImpactOpt_ClarityStab_Dark.xml; Dochenka_13_WideB_ImpactOpt_ClarityStab_Open.xml; Dochenka_2_DarkWideSafe_Ozone12.xml; Dochenka_3_StreamingNoClicks_Ozone12.xml; Dochenka_5_Wide_TS_Strong.xml; Dochenka_6_Wide_TS_Extreme.xml; Dochenka_7_WideB_DynEQ_Soft.xml; Dochenka_8_WideB_DynEQ_Hard.xml
Equalizer,Band 3 Visible,GUI visibility,bool,1,Usually not audio-critical,1,Dochenka_10_WideB_Impact_Strong.xml; Dochenka_11_WideB_Impact_Opt.xml; Dochenka_12_WideB_ImpactOpt_ClarityStab_Dark.xml; Dochenka_13_WideB_ImpactOpt_ClarityStab_Open.xml; Dochenka_2_DarkWideSafe_Ozone12.xml; Dochenka_3_StreamingNoClicks_Ozone12.xml; Dochenka_5_Wide_TS_Strong.xml; Dochenka_6_Wide_TS_Extreme.xml; Dochenka_7_WideB_DynEQ_Soft.xml; Dochenka_8_WideB_DynEQ_Hard.xml
Equalizer,Band 4 Enable,Band enabled,bool,1 or 0,"If 0, other band params may not affect audio",1,Dochenka_10_WideB_Impact_Strong.xml; Dochenka_11_WideB_Impact_Opt.xml; Dochenka_12_WideB_ImpactOpt_ClarityStab_Dark.xml; Dochenka_13_WideB_ImpactOpt_ClarityStab_Open.xml; Dochenka_2_DarkWideSafe_Ozone12.xml; Dochenka_3_StreamingNoClicks_Ozone12.xml; Dochenka_5_Wide_TS_Strong.xml; Dochenka_6_Wide_TS_Extreme.xml; Dochenka_7_WideB_DynEQ_Soft.xml; Dochenka_8_WideB_DynEQ_Hard.xml
Equalizer,Band 4 Frequency,Band center/cutoff frequency,Hz float,material-dependent,Use frequency map; avoid blind broad changes,"1281,22558594; 3200,00000000",Dochenka_10_WideB_Impact_Strong.xml; Dochenka_11_WideB_Impact_Opt.xml; Dochenka_12_WideB_ImpactOpt_ClarityStab_Dark.xml; Dochenka_13_WideB_ImpactOpt_ClarityStab_Open.xml; Dochenka_2_DarkWideSafe_Ozone12.xml; Dochenka_3_StreamingNoClicks_Ozone12.xml; Dochenka_5_Wide_TS_Strong.xml; Dochenka_6_Wide_TS_Extreme.xml; Dochenka_7_WideB_DynEQ_Soft.xml; Dochenka_8_WideB_DynEQ_Hard.xml
Equalizer,Band 4 Gain,Band gain,dB float,-3..+2 typical; Dynamic EQ often negative,Static EQ/DynEQ band gain,"-0,25000000; -0,40000000; 1,13650131",Dochenka_10_WideB_Impact_Strong.xml; Dochenka_11_WideB_Impact_Opt.xml; Dochenka_12_WideB_ImpactOpt_ClarityStab_Dark.xml; Dochenka_13_WideB_ImpactOpt_ClarityStab_Open.xml; Dochenka_2_DarkWideSafe_Ozone12.xml; Dochenka_3_StreamingNoClicks_Ozone12.xml; Dochenka_5_Wide_TS_Strong.xml; Dochenka_6_Wide_TS_Extreme.xml; Dochenka_7_WideB_DynEQ_Soft.xml; Dochenka_8_WideB_DynEQ_Hard.xml
Equalizer,Band 4 Q,Band Q / width,float,0.7..5 depending task,Higher = narrower,"1,16601372; 1,40000000; 1,50000000",Dochenka_10_WideB_Impact_Strong.xml; Dochenka_11_WideB_Impact_Opt.xml; Dochenka_12_WideB_ImpactOpt_ClarityStab_Dark.xml; Dochenka_13_WideB_ImpactOpt_ClarityStab_Open.xml; Dochenka_2_DarkWideSafe_Ozone12.xml; Dochenka_3_StreamingNoClicks_Ozone12.xml; Dochenka_5_Wide_TS_Strong.xml; Dochenka_6_Wide_TS_Extreme.xml; Dochenka_7_WideB_DynEQ_Soft.xml; Dochenka_8_WideB_DynEQ_Hard.xml
Equalizer,Band 4 Visible,GUI visibility,bool,1,Usually not audio-critical,1,Dochenka_10_WideB_Impact_Strong.xml; Dochenka_11_WideB_Impact_Opt.xml; Dochenka_12_WideB_ImpactOpt_ClarityStab_Dark.xml; Dochenka_13_WideB_ImpactOpt_ClarityStab_Open.xml; Dochenka_2_DarkWideSafe_Ozone12.xml; Dochenka_3_StreamingNoClicks_Ozone12.xml; Dochenka_5_Wide_TS_Strong.xml; Dochenka_6_Wide_TS_Extreme.xml; Dochenka_7_WideB_DynEQ_Soft.xml; Dochenka_8_WideB_DynEQ_Hard.xml
Equalizer,Band 5 Enable,Band enabled,bool,1 or 0,"If 0, other band params may not affect audio",1,Dochenka_10_WideB_Impact_Strong.xml; Dochenka_11_WideB_Impact_Opt.xml; Dochenka_12_WideB_ImpactOpt_ClarityStab_Dark.xml; Dochenka_13_WideB_ImpactOpt_ClarityStab_Open.xml; Dochenka_2_DarkWideSafe_Ozone12.xml; Dochenka_3_StreamingNoClicks_Ozone12.xml; Dochenka_5_Wide_TS_Strong.xml; Dochenka_6_Wide_TS_Extreme.xml; Dochenka_7_WideB_DynEQ_Soft.xml; Dochenka_8_WideB_DynEQ_Hard.xml
Equalizer,Band 5 Frequency,Band center/cutoff frequency,Hz float,material-dependent,Use frequency map; avoid blind broad changes,"3111,54785156; 8000,00000000",Dochenka_10_WideB_Impact_Strong.xml; Dochenka_11_WideB_Impact_Opt.xml; Dochenka_12_WideB_ImpactOpt_ClarityStab_Dark.xml; Dochenka_13_WideB_ImpactOpt_ClarityStab_Open.xml; Dochenka_2_DarkWideSafe_Ozone12.xml; Dochenka_3_StreamingNoClicks_Ozone12.xml; Dochenka_5_Wide_TS_Strong.xml; Dochenka_6_Wide_TS_Extreme.xml; Dochenka_7_WideB_DynEQ_Soft.xml; Dochenka_8_WideB_DynEQ_Hard.xml
Equalizer,Band 5 Gain,Band gain,dB float,-3..+2 typical; Dynamic EQ often negative,Static EQ/DynEQ band gain,"-0,25000000; -0,70000000; -0,97592354",Dochenka_10_WideB_Impact_Strong.xml; Dochenka_11_WideB_Impact_Opt.xml; Dochenka_12_WideB_ImpactOpt_ClarityStab_Dark.xml; Dochenka_13_WideB_ImpactOpt_ClarityStab_Open.xml; Dochenka_2_DarkWideSafe_Ozone12.xml; Dochenka_3_StreamingNoClicks_Ozone12.xml; Dochenka_5_Wide_TS_Strong.xml; Dochenka_6_Wide_TS_Extreme.xml; Dochenka_7_WideB_DynEQ_Soft.xml; Dochenka_8_WideB_DynEQ_Hard.xml
Equalizer,Band 5 Q,Band Q / width,float,0.7..5 depending task,Higher = narrower,"0,92308491; 1,00000000; 1,30000000",Dochenka_10_WideB_Impact_Strong.xml; Dochenka_11_WideB_Impact_Opt.xml; Dochenka_12_WideB_ImpactOpt_ClarityStab_Dark.xml; Dochenka_13_WideB_ImpactOpt_ClarityStab_Open.xml; Dochenka_2_DarkWideSafe_Ozone12.xml; Dochenka_3_StreamingNoClicks_Ozone12.xml; Dochenka_5_Wide_TS_Strong.xml; Dochenka_6_Wide_TS_Extreme.xml; Dochenka_7_WideB_DynEQ_Soft.xml; Dochenka_8_WideB_DynEQ_Hard.xml
Equalizer,Band 5 Visible,GUI visibility,bool,1,Usually not audio-critical,1,Dochenka_10_WideB_Impact_Strong.xml; Dochenka_11_WideB_Impact_Opt.xml; Dochenka_12_WideB_ImpactOpt_ClarityStab_Dark.xml; Dochenka_13_WideB_ImpactOpt_ClarityStab_Open.xml; Dochenka_2_DarkWideSafe_Ozone12.xml; Dochenka_3_StreamingNoClicks_Ozone12.xml; Dochenka_5_Wide_TS_Strong.xml; Dochenka_6_Wide_TS_Extreme.xml; Dochenka_7_WideB_DynEQ_Soft.xml; Dochenka_8_WideB_DynEQ_Hard.xml
Equalizer,Band 6 Enable,Band enabled,bool,1 or 0,"If 0, other band params may not affect audio",1,Dochenka_10_WideB_Impact_Strong.xml; Dochenka_11_WideB_Impact_Opt.xml; Dochenka_12_WideB_ImpactOpt_ClarityStab_Dark.xml; Dochenka_13_WideB_ImpactOpt_ClarityStab_Open.xml; Dochenka_2_DarkWideSafe_Ozone12.xml; Dochenka_3_StreamingNoClicks_Ozone12.xml; Dochenka_5_Wide_TS_Strong.xml; Dochenka_6_Wide_TS_Extreme.xml; Dochenka_7_WideB_DynEQ_Soft.xml; Dochenka_8_WideB_DynEQ_Hard.xml
Equalizer,Band 6 Frequency,Band center/cutoff frequency,Hz float,material-dependent,Use frequency map; avoid blind broad changes,"12000,00000000; 7545,09716797",Dochenka_10_WideB_Impact_Strong.xml; Dochenka_11_WideB_Impact_Opt.xml; Dochenka_12_WideB_ImpactOpt_ClarityStab_Dark.xml; Dochenka_13_WideB_ImpactOpt_ClarityStab_Open.xml; Dochenka_2_DarkWideSafe_Ozone12.xml; Dochenka_3_StreamingNoClicks_Ozone12.xml; Dochenka_5_Wide_TS_Strong.xml; Dochenka_6_Wide_TS_Extreme.xml; Dochenka_7_WideB_DynEQ_Soft.xml; Dochenka_8_WideB_DynEQ_Hard.xml
Equalizer,Band 6 Gain,Band gain,dB float,-3..+2 typical; Dynamic EQ often negative,Static EQ/DynEQ band gain,"-0,10000000; -0,30000000; -0,90645868; -1,35000000; -1,35000038",Dochenka_10_WideB_Impact_Strong.xml; Dochenka_11_WideB_Impact_Opt.xml; Dochenka_12_WideB_ImpactOpt_ClarityStab_Dark.xml; Dochenka_13_WideB_ImpactOpt_ClarityStab_Open.xml; Dochenka_2_DarkWideSafe_Ozone12.xml; Dochenka_3_StreamingNoClicks_Ozone12.xml; Dochenka_5_Wide_TS_Strong.xml; Dochenka_6_Wide_TS_Extreme.xml; Dochenka_7_WideB_DynEQ_Soft.xml; Dochenka_8_WideB_DynEQ_Hard.xml
Equalizer,Band 6 Q,Band Q / width,float,0.7..5 depending task,Higher = narrower,"0,70675278; 0,80000000; 0,90000000",Dochenka_10_WideB_Impact_Strong.xml; Dochenka_11_WideB_Impact_Opt.xml; Dochenka_12_WideB_ImpactOpt_ClarityStab_Dark.xml; Dochenka_13_WideB_ImpactOpt_ClarityStab_Open.xml; Dochenka_2_DarkWideSafe_Ozone12.xml; Dochenka_3_StreamingNoClicks_Ozone12.xml; Dochenka_5_Wide_TS_Strong.xml; Dochenka_6_Wide_TS_Extreme.xml; Dochenka_7_WideB_DynEQ_Soft.xml; Dochenka_8_WideB_DynEQ_Hard.xml
Equalizer,Band 6 Visible,GUI visibility,bool,1,Usually not audio-critical,1,Dochenka_10_WideB_Impact_Strong.xml; Dochenka_11_WideB_Impact_Opt.xml; Dochenka_12_WideB_ImpactOpt_ClarityStab_Dark.xml; Dochenka_13_WideB_ImpactOpt_ClarityStab_Open.xml; Dochenka_2_DarkWideSafe_Ozone12.xml; Dochenka_3_StreamingNoClicks_Ozone12.xml; Dochenka_5_Wide_TS_Strong.xml; Dochenka_6_Wide_TS_Extreme.xml; Dochenka_7_WideB_DynEQ_Soft.xml; Dochenka_8_WideB_DynEQ_Hard.xml
Equalizer,Band 8 Enable,Band enabled,bool,1 or 0,"If 0, other band params may not affect audio",1,Dochenka_10_WideB_Impact_Strong.xml; Dochenka_11_WideB_Impact_Opt.xml; Dochenka_12_WideB_ImpactOpt_ClarityStab_Dark.xml; Dochenka_13_WideB_ImpactOpt_ClarityStab_Open.xml; Dochenka_2_DarkWideSafe_Ozone12.xml; Dochenka_3_StreamingNoClicks_Ozone12.xml; Dochenka_5_Wide_TS_Strong.xml; Dochenka_6_Wide_TS_Extreme.xml; Dochenka_7_WideB_DynEQ_Soft.xml; Dochenka_8_WideB_DynEQ_Hard.xml
Equalizer,Band 8 Frequency,Band center/cutoff frequency,Hz float,material-dependent,Use frequency map; avoid blind broad changes,"19700,00000000; 19709,74218750",Dochenka_10_WideB_Impact_Strong.xml; Dochenka_11_WideB_Impact_Opt.xml; Dochenka_12_WideB_ImpactOpt_ClarityStab_Dark.xml; Dochenka_13_WideB_ImpactOpt_ClarityStab_Open.xml; Dochenka_2_DarkWideSafe_Ozone12.xml; Dochenka_3_StreamingNoClicks_Ozone12.xml; Dochenka_5_Wide_TS_Strong.xml; Dochenka_6_Wide_TS_Extreme.xml; Dochenka_7_WideB_DynEQ_Soft.xml; Dochenka_8_WideB_DynEQ_Hard.xml
Equalizer,Band 8 Gain,Band gain,dB float,-3..+2 typical; Dynamic EQ often negative,Static EQ/DynEQ band gain,"-0,20000000; -0,50000000; -3,12991142; -3,29999924; -3,30000000",Dochenka_10_WideB_Impact_Strong.xml; Dochenka_11_WideB_Impact_Opt.xml; Dochenka_12_WideB_ImpactOpt_ClarityStab_Dark.xml; Dochenka_13_WideB_ImpactOpt_ClarityStab_Open.xml; Dochenka_2_DarkWideSafe_Ozone12.xml; Dochenka_3_StreamingNoClicks_Ozone12.xml; Dochenka_5_Wide_TS_Strong.xml; Dochenka_6_Wide_TS_Extreme.xml; Dochenka_7_WideB_DynEQ_Soft.xml; Dochenka_8_WideB_DynEQ_Hard.xml
Equalizer,Band 8 Q,Band Q / width,float,0.7..5 depending task,Higher = narrower,"8,72222233",Dochenka_10_WideB_Impact_Strong.xml; Dochenka_11_WideB_Impact_Opt.xml; Dochenka_12_WideB_ImpactOpt_ClarityStab_Dark.xml; Dochenka_13_WideB_ImpactOpt_ClarityStab_Open.xml; Dochenka_2_DarkWideSafe_Ozone12.xml; Dochenka_3_StreamingNoClicks_Ozone12.xml; Dochenka_5_Wide_TS_Strong.xml; Dochenka_6_Wide_TS_Extreme.xml; Dochenka_7_WideB_DynEQ_Soft.xml; Dochenka_8_WideB_DynEQ_Hard.xml
Equalizer,Band 8 Shape,Filter shape enum,enum int,verify from GUI/template,Do not change blindly,2,Dochenka_10_WideB_Impact_Strong.xml; Dochenka_11_WideB_Impact_Opt.xml; Dochenka_12_WideB_ImpactOpt_ClarityStab_Dark.xml; Dochenka_13_WideB_ImpactOpt_ClarityStab_Open.xml; Dochenka_2_DarkWideSafe_Ozone12.xml; Dochenka_3_StreamingNoClicks_Ozone12.xml; Dochenka_5_Wide_TS_Strong.xml; Dochenka_6_Wide_TS_Extreme.xml; Dochenka_7_WideB_DynEQ_Soft.xml; Dochenka_8_WideB_DynEQ_Hard.xml
Equalizer,Band 8 Visible,GUI visibility,bool,1,Usually not audio-critical,1,Dochenka_10_WideB_Impact_Strong.xml; Dochenka_11_WideB_Impact_Opt.xml; Dochenka_12_WideB_ImpactOpt_ClarityStab_Dark.xml; Dochenka_13_WideB_ImpactOpt_ClarityStab_Open.xml; Dochenka_2_DarkWideSafe_Ozone12.xml; Dochenka_3_StreamingNoClicks_Ozone12.xml; Dochenka_5_Wide_TS_Strong.xml; Dochenka_6_Wide_TS_Extreme.xml; Dochenka_7_WideB_DynEQ_Soft.xml; Dochenka_8_WideB_DynEQ_Hard.xml
Equalizer,Gain Scaling Amount,Global gain scaling of EQ curve,percent float,80..120,100 means neutral scaling; >100 amplifies EQ moves,"100,00000000; 107,76698303",Dochenka_2_DarkWideSafe_Ozone12.xml; Dochenka_3_StreamingNoClicks_Ozone12.xml; Za_Hutorom_FINAL_WOW_Streaming_Ozone12.xml; Za_Hutorom_Ozone12_ModernPop_Streaming_Start.xml
Exciter,Band 1 Active,OBSERVED_UNKNOWN,unknown,do not change blindly,Observed in XML but not semantically confirmed,1,Dochenka_10_WideB_Impact_Strong.xml; Dochenka_11_WideB_Impact_Opt.xml; Dochenka_12_WideB_ImpactOpt_ClarityStab_Dark.xml; Dochenka_13_WideB_ImpactOpt_ClarityStab_Open.xml; Dochenka_2_DarkWideSafe_Ozone12.xml; Dochenka_3_StreamingNoClicks_Ozone12.xml; Dochenka_5_Wide_TS_Strong.xml; Dochenka_6_Wide_TS_Extreme.xml; Dochenka_7_WideB_DynEQ_Soft.xml; Dochenka_8_WideB_DynEQ_Hard.xml
Exciter,Band 2 Active,OBSERVED_UNKNOWN,unknown,do not change blindly,Observed in XML but not semantically confirmed,1,Dochenka_10_WideB_Impact_Strong.xml; Dochenka_11_WideB_Impact_Opt.xml; Dochenka_12_WideB_ImpactOpt_ClarityStab_Dark.xml; Dochenka_13_WideB_ImpactOpt_ClarityStab_Open.xml; Dochenka_2_DarkWideSafe_Ozone12.xml; Dochenka_3_StreamingNoClicks_Ozone12.xml; Dochenka_5_Wide_TS_Strong.xml; Dochenka_6_Wide_TS_Extreme.xml; Dochenka_7_WideB_DynEQ_Soft.xml; Dochenka_8_WideB_DynEQ_Hard.xml
Exciter,Band 3 Active,OBSERVED_UNKNOWN,unknown,do not change blindly,Observed in XML but not semantically confirmed,1,Dochenka_10_WideB_Impact_Strong.xml; Dochenka_11_WideB_Impact_Opt.xml; Dochenka_12_WideB_ImpactOpt_ClarityStab_Dark.xml; Dochenka_13_WideB_ImpactOpt_ClarityStab_Open.xml; Dochenka_2_DarkWideSafe_Ozone12.xml; Dochenka_3_StreamingNoClicks_Ozone12.xml; Dochenka_5_Wide_TS_Strong.xml; Dochenka_6_Wide_TS_Extreme.xml; Dochenka_7_WideB_DynEQ_Soft.xml; Dochenka_8_WideB_DynEQ_Hard.xml
Impact,Auto Gain Enable,Auto gain compensation,bool,1,Usually keep on,1,Dochenka_2_DarkWideSafe_Ozone12.xml; Dochenka_3_StreamingNoClicks_Ozone12.xml; Za_Hutorom_FINAL_WOW_Streaming_Ozone12.xml; Za_Hutorom_Ozone12_ModernPop_Streaming_Start.xml
Impact,Aux: Envelope,Aux/envelope mirror used by Impact,percent float,same as Envelope,Patch together with Envelope when both exist,"45,00000000; 50,00000000; 55,00000000; 58,00000000; 60,00000000; 72,00000000",Dochenka_10_WideB_Impact_Strong.xml; Dochenka_11_WideB_Impact_Opt.xml; Dochenka_12_WideB_ImpactOpt_ClarityStab_Dark.xml; Dochenka_13_WideB_ImpactOpt_ClarityStab_Open.xml; Dochenka_2_DarkWideSafe_Ozone12.xml; Dochenka_3_StreamingNoClicks_Ozone12.xml; Dochenka_5_Wide_TS_Strong.xml; Dochenka_6_Wide_TS_Extreme.xml; Dochenka_7_WideB_DynEQ_Soft.xml; Dochenka_8_WideB_DynEQ_Hard.xml
Impact,Aux: HostSyncEnvelopeEnabled,Host sync envelope toggle,bool,0,Leave unless intentionally syncing,0,Dochenka_10_WideB_Impact_Strong.xml; Dochenka_11_WideB_Impact_Opt.xml; Dochenka_12_WideB_ImpactOpt_ClarityStab_Dark.xml; Dochenka_13_WideB_ImpactOpt_ClarityStab_Open.xml; Dochenka_2_DarkWideSafe_Ozone12.xml; Dochenka_3_StreamingNoClicks_Ozone12.xml; Dochenka_5_Wide_TS_Strong.xml; Dochenka_6_Wide_TS_Extreme.xml; Dochenka_7_WideB_DynEQ_Soft.xml; Dochenka_8_WideB_DynEQ_Hard.xml
Impact,Band 1 Amount,Impact per-band amount,percent/amount float,-20..+45 depending band,"Positive can enhance/shape, negative can soften; high top band can click","-10,00000000; -2,00000000; -6,00000000; -8,00000000; 10,00000000; 14,00000000",Dochenka_10_WideB_Impact_Strong.xml; Dochenka_11_WideB_Impact_Opt.xml; Dochenka_12_WideB_ImpactOpt_ClarityStab_Dark.xml; Dochenka_13_WideB_ImpactOpt_ClarityStab_Open.xml; Dochenka_2_DarkWideSafe_Ozone12.xml; Dochenka_3_StreamingNoClicks_Ozone12.xml; Dochenka_5_Wide_TS_Strong.xml; Dochenka_6_Wide_TS_Extreme.xml; Dochenka_7_WideB_DynEQ_Soft.xml; Dochenka_8_WideB_DynEQ_Hard.xml
Impact,Band 2 Amount,Impact per-band amount,percent/amount float,-20..+45 depending band,"Positive can enhance/shape, negative can soften; high top band can click","12,00000000; 17,00000000; 22,00000000; 28,00000000; 42,00000000",Dochenka_10_WideB_Impact_Strong.xml; Dochenka_11_WideB_Impact_Opt.xml; Dochenka_12_WideB_ImpactOpt_ClarityStab_Dark.xml; Dochenka_13_WideB_ImpactOpt_ClarityStab_Open.xml; Dochenka_2_DarkWideSafe_Ozone12.xml; Dochenka_3_StreamingNoClicks_Ozone12.xml; Dochenka_5_Wide_TS_Strong.xml; Dochenka_6_Wide_TS_Extreme.xml; Dochenka_7_WideB_DynEQ_Soft.xml; Dochenka_8_WideB_DynEQ_Hard.xml
Impact,Band 3 Amount,Impact per-band amount,percent/amount float,-20..+45 depending band,"Positive can enhance/shape, negative can soften; high top band can click","14,00000000; 16,00000000; 19,00000000; 24,00000000; 30,00000000; 46,00000000; 8,00000000",Dochenka_10_WideB_Impact_Strong.xml; Dochenka_11_WideB_Impact_Opt.xml; Dochenka_12_WideB_ImpactOpt_ClarityStab_Dark.xml; Dochenka_13_WideB_ImpactOpt_ClarityStab_Open.xml; Dochenka_2_DarkWideSafe_Ozone12.xml; Dochenka_3_StreamingNoClicks_Ozone12.xml; Dochenka_5_Wide_TS_Strong.xml; Dochenka_6_Wide_TS_Extreme.xml; Dochenka_7_WideB_DynEQ_Soft.xml; Dochenka_8_WideB_DynEQ_Hard.xml
Impact,Band 4 Amount,Impact per-band amount,percent/amount float,-20..+45 depending band,"Positive can enhance/shape, negative can soften; high top band can click","0,00000000; 12,00000000; 18,00000000; 2,00000000; 3,00000000; 4,00000000; 5,99999237; 6,00000000",Dochenka_10_WideB_Impact_Strong.xml; Dochenka_11_WideB_Impact_Opt.xml; Dochenka_12_WideB_ImpactOpt_ClarityStab_Dark.xml; Dochenka_13_WideB_ImpactOpt_ClarityStab_Open.xml; Dochenka_2_DarkWideSafe_Ozone12.xml; Dochenka_3_StreamingNoClicks_Ozone12.xml; Dochenka_5_Wide_TS_Strong.xml; Dochenka_6_Wide_TS_Extreme.xml; Dochenka_7_WideB_DynEQ_Soft.xml; Dochenka_8_WideB_DynEQ_Hard.xml
Impact,Crossover Cutoff 1,Impact crossover 1,Hz float,80..160,Separates low band,"120,00000000",Dochenka_10_WideB_Impact_Strong.xml; Dochenka_11_WideB_Impact_Opt.xml; Dochenka_12_WideB_ImpactOpt_ClarityStab_Dark.xml; Dochenka_13_WideB_ImpactOpt_ClarityStab_Open.xml; Dochenka_2_DarkWideSafe_Ozone12.xml; Dochenka_3_StreamingNoClicks_Ozone12.xml; Dochenka_5_Wide_TS_Strong.xml; Dochenka_6_Wide_TS_Extreme.xml; Dochenka_7_WideB_DynEQ_Soft.xml; Dochenka_8_WideB_DynEQ_Hard.xml
Impact,Crossover Cutoff 2,Impact crossover 2,Hz float,1500..3500,Separates low-mid/high-mid,"2000,00000000; 2200,00000000",Dochenka_10_WideB_Impact_Strong.xml; Dochenka_11_WideB_Impact_Opt.xml; Dochenka_12_WideB_ImpactOpt_ClarityStab_Dark.xml; Dochenka_13_WideB_ImpactOpt_ClarityStab_Open.xml; Dochenka_2_DarkWideSafe_Ozone12.xml; Dochenka_3_StreamingNoClicks_Ozone12.xml; Dochenka_5_Wide_TS_Strong.xml; Dochenka_6_Wide_TS_Extreme.xml; Dochenka_7_WideB_DynEQ_Soft.xml; Dochenka_8_WideB_DynEQ_Hard.xml
Impact,Crossover Cutoff 3,Impact crossover 3,Hz float,8000..12000,Separates high band,"10000,00000000",Dochenka_10_WideB_Impact_Strong.xml; Dochenka_11_WideB_Impact_Opt.xml; Dochenka_12_WideB_ImpactOpt_ClarityStab_Dark.xml; Dochenka_13_WideB_ImpactOpt_ClarityStab_Open.xml; Dochenka_2_DarkWideSafe_Ozone12.xml; Dochenka_3_StreamingNoClicks_Ozone12.xml; Dochenka_5_Wide_TS_Strong.xml; Dochenka_6_Wide_TS_Extreme.xml; Dochenka_7_WideB_DynEQ_Soft.xml; Dochenka_8_WideB_DynEQ_Hard.xml
Impact,Envelope,Envelope amount / response intensity,percent float,45..65,High values can exaggerate attacks,"45,00000000; 50,00000000; 55,00000000; 58,00000000; 60,00000000; 72,00000000",Dochenka_10_WideB_Impact_Strong.xml; Dochenka_11_WideB_Impact_Opt.xml; Dochenka_12_WideB_ImpactOpt_ClarityStab_Dark.xml; Dochenka_13_WideB_ImpactOpt_ClarityStab_Open.xml; Dochenka_2_DarkWideSafe_Ozone12.xml; Dochenka_3_StreamingNoClicks_Ozone12.xml; Dochenka_5_Wide_TS_Strong.xml; Dochenka_6_Wide_TS_Extreme.xml; Dochenka_7_WideB_DynEQ_Soft.xml; Dochenka_8_WideB_DynEQ_Hard.xml
Impact,GlobalAmount,Global Impact amount,percent float,18..40,Higher = stronger transient/sustain shaping; too high can pump/click,"18,00000000; 23,00000000; 24,00000000; 28,00000000; 32,00000000; 34,00000000; 44,00000000",Dochenka_10_WideB_Impact_Strong.xml; Dochenka_11_WideB_Impact_Opt.xml; Dochenka_12_WideB_ImpactOpt_ClarityStab_Dark.xml; Dochenka_13_WideB_ImpactOpt_ClarityStab_Open.xml; Dochenka_2_DarkWideSafe_Ozone12.xml; Dochenka_3_StreamingNoClicks_Ozone12.xml; Dochenka_5_Wide_TS_Strong.xml; Dochenka_6_Wide_TS_Extreme.xml; Dochenka_7_WideB_DynEQ_Soft.xml; Dochenka_8_WideB_DynEQ_Hard.xml
Low End Focus,Auto Gain Enable,Auto gain compensation,bool,1,Module not default active chain,1,Dochenka_2_DarkWideSafe_Ozone12.xml; Dochenka_3_StreamingNoClicks_Ozone12.xml
Master Rebalance,Auto Gain Enable,Auto gain compensation,bool,1,Usually keep on,1,Dochenka_2_DarkWideSafe_Ozone12.xml; Dochenka_3_StreamingNoClicks_Ozone12.xml; Za_Hutorom_FINAL_WOW_Streaming_Ozone12.xml; Za_Hutorom_Ozone12_ModernPop_Streaming_Start.xml
Master Rebalance,SourceGain,"Gain for selected stem source, dB",dB float,-1.0..+1.0 for mastered stereo WAV,Main level control for selected SourceType; moderate only,"0,30000000; 0,39999962; 0,40000000; 0,50000000; 0,70000000",Dochenka_10_WideB_Impact_Strong.xml; Dochenka_11_WideB_Impact_Opt.xml; Dochenka_12_WideB_ImpactOpt_ClarityStab_Dark.xml; Dochenka_13_WideB_ImpactOpt_ClarityStab_Open.xml; Dochenka_2_DarkWideSafe_Ozone12.xml; Dochenka_3_StreamingNoClicks_Ozone12.xml; Dochenka_5_Wide_TS_Strong.xml; Dochenka_6_Wide_TS_Extreme.xml; Dochenka_7_WideB_DynEQ_Soft.xml; Dochenka_8_WideB_DynEQ_Hard.xml
Master Rebalance,SourceType,Selected source/focus enum,enum int,verify in GUI,Enum must be verified; observed values 0/2 in current presets,0; 2,Dochenka_10_WideB_Impact_Strong.xml; Dochenka_11_WideB_Impact_Opt.xml; Dochenka_12_WideB_ImpactOpt_ClarityStab_Dark.xml; Dochenka_13_WideB_ImpactOpt_ClarityStab_Open.xml; Dochenka_2_DarkWideSafe_Ozone12.xml; Dochenka_3_StreamingNoClicks_Ozone12.xml; Dochenka_5_Wide_TS_Strong.xml; Dochenka_6_Wide_TS_Extreme.xml; Dochenka_7_WideB_DynEQ_Soft.xml; Dochenka_8_WideB_DynEQ_Hard.xml
Maximizer,Character,Limiter character/speed,float,2.0..3.0,Too fast can distort/pump; too slow may miss transients,"2,20000000; 2,50000000",Dochenka_10_WideB_Impact_Strong.xml; Dochenka_11_WideB_Impact_Opt.xml; Dochenka_12_WideB_ImpactOpt_ClarityStab_Dark.xml; Dochenka_13_WideB_ImpactOpt_ClarityStab_Open.xml; Dochenka_2_DarkWideSafe_Ozone12.xml; Dochenka_3_StreamingNoClicks_Ozone12.xml; Dochenka_5_Wide_TS_Strong.xml; Dochenka_6_Wide_TS_Extreme.xml; Dochenka_7_WideB_DynEQ_Soft.xml; Dochenka_8_WideB_DynEQ_Hard.xml
Maximizer,EnableLowLevelBoost,Upward Compress enable,bool,1 or 0,Adds density; keep moderate,1,Dochenka_10_WideB_Impact_Strong.xml; Dochenka_11_WideB_Impact_Opt.xml; Dochenka_12_WideB_ImpactOpt_ClarityStab_Dark.xml; Dochenka_13_WideB_ImpactOpt_ClarityStab_Open.xml; Dochenka_2_DarkWideSafe_Ozone12.xml; Dochenka_3_StreamingNoClicks_Ozone12.xml; Dochenka_5_Wide_TS_Strong.xml; Dochenka_6_Wide_TS_Extreme.xml; Dochenka_7_WideB_DynEQ_Soft.xml; Dochenka_8_WideB_DynEQ_Hard.xml
Maximizer,Gain,Main input gain into Maximizer,dB float,"1.0..3.5 streaming, more only as loud probe",Most important loudness control,"1,20000000; 2,60000000; 3,00000000; 3,21384764",Dochenka_10_WideB_Impact_Strong.xml; Dochenka_11_WideB_Impact_Opt.xml; Dochenka_12_WideB_ImpactOpt_ClarityStab_Dark.xml; Dochenka_13_WideB_ImpactOpt_ClarityStab_Open.xml; Dochenka_2_DarkWideSafe_Ozone12.xml; Dochenka_3_StreamingNoClicks_Ozone12.xml; Dochenka_5_Wide_TS_Strong.xml; Dochenka_6_Wide_TS_Extreme.xml; Dochenka_7_WideB_DynEQ_Soft.xml; Dochenka_8_WideB_DynEQ_Hard.xml
Maximizer,LowLevelBoostWetAmount,Upward Compress amount,dB/amount float,0.5..1.3,High values can thicken/noise,"0,80000000; 1,00000000; 1,10000000; 1,25000000",Dochenka_10_WideB_Impact_Strong.xml; Dochenka_11_WideB_Impact_Opt.xml; Dochenka_12_WideB_ImpactOpt_ClarityStab_Dark.xml; Dochenka_13_WideB_ImpactOpt_ClarityStab_Open.xml; Dochenka_2_DarkWideSafe_Ozone12.xml; Dochenka_3_StreamingNoClicks_Ozone12.xml; Dochenka_5_Wide_TS_Strong.xml; Dochenka_6_Wide_TS_Extreme.xml; Dochenka_7_WideB_DynEQ_Soft.xml; Dochenka_8_WideB_DynEQ_Hard.xml
Maximizer,Margin,Output/Ceiling,dB float,"-2.0 streaming safe, -1.5 loud, -1.0 risky",True peak ceiling target,"-1,00000000; -1,50000000; -2,00001144",Dochenka_10_WideB_Impact_Strong.xml; Dochenka_11_WideB_Impact_Opt.xml; Dochenka_12_WideB_ImpactOpt_ClarityStab_Dark.xml; Dochenka_13_WideB_ImpactOpt_ClarityStab_Open.xml; Dochenka_2_DarkWideSafe_Ozone12.xml; Dochenka_3_StreamingNoClicks_Ozone12.xml; Dochenka_5_Wide_TS_Strong.xml; Dochenka_6_Wide_TS_Extreme.xml; Dochenka_7_WideB_DynEQ_Soft.xml; Dochenka_8_WideB_DynEQ_Hard.xml
Maximizer,Mode,IRC mode enum,enum int,3 observed as неподтверждённое название другого IRC4-режима in current work,Verify with GUI/template,3,Dochenka_10_WideB_Impact_Strong.xml; Dochenka_11_WideB_Impact_Opt.xml; Dochenka_12_WideB_ImpactOpt_ClarityStab_Dark.xml; Dochenka_13_WideB_ImpactOpt_ClarityStab_Open.xml; Dochenka_2_DarkWideSafe_Ozone12.xml; Dochenka_3_StreamingNoClicks_Ozone12.xml; Dochenka_5_Wide_TS_Strong.xml; Dochenka_6_Wide_TS_Extreme.xml; Dochenka_7_WideB_DynEQ_Soft.xml; Dochenka_8_WideB_DynEQ_Hard.xml
Maximizer,Prevent Intersample Clipping,True Peak / intersample peak protection,bool,1,Keep on for streaming master,1,Dochenka_10_WideB_Impact_Strong.xml; Dochenka_11_WideB_Impact_Opt.xml; Dochenka_12_WideB_ImpactOpt_ClarityStab_Dark.xml; Dochenka_13_WideB_ImpactOpt_ClarityStab_Open.xml; Dochenka_2_DarkWideSafe_Ozone12.xml; Dochenka_3_StreamingNoClicks_Ozone12.xml; Dochenka_5_Wide_TS_Strong.xml; Dochenka_6_Wide_TS_Extreme.xml; Dochenka_7_WideB_DynEQ_Soft.xml; Dochenka_8_WideB_DynEQ_Hard.xml
Maximizer,Soft Clip Amount,Soft Clip amount,percent float,0,Avoid by default for streaming-safe,"0,00000000",Za_Hutorom_FINAL_WOW_Streaming_Ozone12.xml; Za_Hutorom_Ozone12_ModernPop_Streaming_Start.xml
Maximizer,Soft Clip Enable,Soft Clip enable,bool,0 by default,Off unless loud probe,0,Za_Hutorom_FINAL_WOW_Streaming_Ozone12.xml; Za_Hutorom_Ozone12_ModernPop_Streaming_Start.xml
Maximizer,Stereo Link,Stereo independence/link amount,percent float,50..70,Lower can widen limiter behavior; too low may wobble image,"50,00000000; 60,00000000; 70,00000000",Dochenka_10_WideB_Impact_Strong.xml; Dochenka_11_WideB_Impact_Opt.xml; Dochenka_12_WideB_ImpactOpt_ClarityStab_Dark.xml; Dochenka_13_WideB_ImpactOpt_ClarityStab_Open.xml; Dochenka_2_DarkWideSafe_Ozone12.xml; Dochenka_3_StreamingNoClicks_Ozone12.xml; Dochenka_5_Wide_TS_Strong.xml; Dochenka_6_Wide_TS_Extreme.xml; Dochenka_7_WideB_DynEQ_Soft.xml; Dochenka_8_WideB_DynEQ_Hard.xml
Maximizer,Stereo Transient Link Amount,Transient link amount,percent float,50..70,Controls transient stereo linking,"50,00000000; 60,00000000; 70,00000000",Dochenka_10_WideB_Impact_Strong.xml; Dochenka_11_WideB_Impact_Opt.xml; Dochenka_12_WideB_ImpactOpt_ClarityStab_Dark.xml; Dochenka_13_WideB_ImpactOpt_ClarityStab_Open.xml; Dochenka_2_DarkWideSafe_Ozone12.xml; Dochenka_3_StreamingNoClicks_Ozone12.xml; Dochenka_5_Wide_TS_Strong.xml; Dochenka_6_Wide_TS_Extreme.xml; Dochenka_7_WideB_DynEQ_Soft.xml; Dochenka_8_WideB_DynEQ_Hard.xml
Maximizer,Target Loudness [dB],Target loudness hint,LUFS float,-12.5..-11.5,Not enough alone; must set Gain and measure rendered WAV,"-11,50000000; -11,80000000; -12,00000000; -12,50000000",Dochenka_10_WideB_Impact_Strong.xml; Dochenka_11_WideB_Impact_Opt.xml; Dochenka_12_WideB_ImpactOpt_ClarityStab_Dark.xml; Dochenka_13_WideB_ImpactOpt_ClarityStab_Open.xml; Dochenka_2_DarkWideSafe_Ozone12.xml; Dochenka_3_StreamingNoClicks_Ozone12.xml; Dochenka_5_Wide_TS_Strong.xml; Dochenka_6_Wide_TS_Extreme.xml; Dochenka_7_WideB_DynEQ_Soft.xml; Dochenka_8_WideB_DynEQ_Hard.xml
Post Equalizer,Band 1 Q,OBSERVED_UNKNOWN,unknown,do not change blindly,Observed in XML but not semantically confirmed,"2,23000002",Dochenka_10_WideB_Impact_Strong.xml; Dochenka_11_WideB_Impact_Opt.xml; Dochenka_12_WideB_ImpactOpt_ClarityStab_Dark.xml; Dochenka_13_WideB_ImpactOpt_ClarityStab_Open.xml; Dochenka_2_DarkWideSafe_Ozone12.xml; Dochenka_3_StreamingNoClicks_Ozone12.xml; Dochenka_5_Wide_TS_Strong.xml; Dochenka_6_Wide_TS_Extreme.xml; Dochenka_7_WideB_DynEQ_Soft.xml; Dochenka_8_WideB_DynEQ_Hard.xml
Post Equalizer,Band 7 Frequency,OBSERVED_UNKNOWN,unknown,do not change blindly,Observed in XML but not semantically confirmed,"6000,00000000",Dochenka_10_WideB_Impact_Strong.xml; Dochenka_11_WideB_Impact_Opt.xml; Dochenka_12_WideB_ImpactOpt_ClarityStab_Dark.xml; Dochenka_13_WideB_ImpactOpt_ClarityStab_Open.xml; Dochenka_2_DarkWideSafe_Ozone12.xml; Dochenka_3_StreamingNoClicks_Ozone12.xml; Dochenka_5_Wide_TS_Strong.xml; Dochenka_6_Wide_TS_Extreme.xml; Dochenka_7_WideB_DynEQ_Soft.xml; Dochenka_8_WideB_DynEQ_Hard.xml
Post Equalizer,Band 7 Q,OBSERVED_UNKNOWN,unknown,do not change blindly,Observed in XML but not semantically confirmed,"2,23000002",Dochenka_10_WideB_Impact_Strong.xml; Dochenka_11_WideB_Impact_Opt.xml; Dochenka_12_WideB_ImpactOpt_ClarityStab_Dark.xml; Dochenka_13_WideB_ImpactOpt_ClarityStab_Open.xml; Dochenka_2_DarkWideSafe_Ozone12.xml; Dochenka_3_StreamingNoClicks_Ozone12.xml; Dochenka_5_Wide_TS_Strong.xml; Dochenka_6_Wide_TS_Extreme.xml; Dochenka_7_WideB_DynEQ_Soft.xml; Dochenka_8_WideB_DynEQ_Hard.xml
Spectral Shaper,Auto Gain Enable,Auto gain compensation,bool,1,Module not default active chain,1,Dochenka_2_DarkWideSafe_Ozone12.xml; Dochenka_3_StreamingNoClicks_Ozone12.xml
Stabilizer,Amount,Stabilizer amount,percent float,8..24,Tonal stabilization; too high can become sterile/bright,"14,00000000; 15,00000000; 16,00000000; 20,00000000; 22,00000000; 9,00000000",Dochenka_10_WideB_Impact_Strong.xml; Dochenka_11_WideB_Impact_Opt.xml; Dochenka_12_WideB_ImpactOpt_ClarityStab_Dark.xml; Dochenka_13_WideB_ImpactOpt_ClarityStab_Open.xml; Dochenka_2_DarkWideSafe_Ozone12.xml; Dochenka_3_StreamingNoClicks_Ozone12.xml; Dochenka_5_Wide_TS_Strong.xml; Dochenka_6_Wide_TS_Extreme.xml; Dochenka_7_WideB_DynEQ_Soft.xml; Dochenka_8_WideB_DynEQ_Hard.xml
Stabilizer,Auto Gain Enable,Auto gain compensation,bool,1,Usually keep on,1,Dochenka_2_DarkWideSafe_Ozone12.xml; Dochenka_3_StreamingNoClicks_Ozone12.xml; Za_Hutorom_FINAL_WOW_Streaming_Ozone12.xml; Za_Hutorom_Ozone12_ModernPop_Streaming_Start.xml
Stabilizer,Target,Target profile enum/curve,enum int,verify in GUI,Do not change blindly; observed 10/27,10; 27,Dochenka_10_WideB_Impact_Strong.xml; Dochenka_11_WideB_Impact_Opt.xml; Dochenka_12_WideB_ImpactOpt_ClarityStab_Dark.xml; Dochenka_13_WideB_ImpactOpt_ClarityStab_Open.xml; Dochenka_2_DarkWideSafe_Ozone12.xml; Dochenka_3_StreamingNoClicks_Ozone12.xml; Dochenka_5_Wide_TS_Strong.xml; Dochenka_6_Wide_TS_Extreme.xml; Dochenka_7_WideB_DynEQ_Soft.xml; Dochenka_8_WideB_DynEQ_Hard.xml
Stem EQ,Auto Gain Enable,Auto gain compensation,bool,1,Module not default active chain,1,Dochenka_2_DarkWideSafe_Ozone12.xml; Dochenka_3_StreamingNoClicks_Ozone12.xml
Stereo Imager,Active Band,Selected active band in GUI,enum int,leave,GUI state,3,Dochenka_10_WideB_Impact_Strong.xml; Dochenka_11_WideB_Impact_Opt.xml; Dochenka_12_WideB_ImpactOpt_ClarityStab_Dark.xml; Dochenka_13_WideB_ImpactOpt_ClarityStab_Open.xml; Dochenka_2_DarkWideSafe_Ozone12.xml; Dochenka_3_StreamingNoClicks_Ozone12.xml; Dochenka_5_Wide_TS_Strong.xml; Dochenka_6_Wide_TS_Extreme.xml; Dochenka_7_WideB_DynEQ_Soft.xml; Dochenka_8_WideB_DynEQ_Hard.xml
Stereo Imager,Aux: Band 1 Width Percent,Sustain band width,percent float,sustain can be wider than transient,In T/S mode this is sustain branch,"-5,00000000; 0,00000000",Dochenka_10_WideB_Impact_Strong.xml; Dochenka_11_WideB_Impact_Opt.xml; Dochenka_12_WideB_ImpactOpt_ClarityStab_Dark.xml; Dochenka_13_WideB_ImpactOpt_ClarityStab_Open.xml; Dochenka_5_Wide_TS_Strong.xml; Dochenka_6_Wide_TS_Extreme.xml; Dochenka_7_WideB_DynEQ_Soft.xml; Dochenka_8_WideB_DynEQ_Hard.xml; Dochenka_9_WideB_Impact_Soft.xml; Dochenka_FINAL_Ozone12_Streaming_WideB_ImpactOpt_Open.xml
Stereo Imager,Aux: Band 2 Width Percent,Sustain band width,percent float,sustain can be wider than transient,In T/S mode this is sustain branch,"12,00000000; 20,00000000; 22,00000000; 30,00000000",Dochenka_10_WideB_Impact_Strong.xml; Dochenka_11_WideB_Impact_Opt.xml; Dochenka_12_WideB_ImpactOpt_ClarityStab_Dark.xml; Dochenka_13_WideB_ImpactOpt_ClarityStab_Open.xml; Dochenka_5_Wide_TS_Strong.xml; Dochenka_6_Wide_TS_Extreme.xml; Dochenka_7_WideB_DynEQ_Soft.xml; Dochenka_8_WideB_DynEQ_Hard.xml; Dochenka_9_WideB_Impact_Soft.xml; Dochenka_FINAL_Ozone12_Streaming_WideB_ImpactOpt_Open.xml
Stereo Imager,Aux: Band 3 Width Percent,Sustain band width,percent float,sustain can be wider than transient,In T/S mode this is sustain branch,"50,00000000; 68,00000000; 72,00000000; 90,00000000",Dochenka_10_WideB_Impact_Strong.xml; Dochenka_11_WideB_Impact_Opt.xml; Dochenka_12_WideB_ImpactOpt_ClarityStab_Dark.xml; Dochenka_13_WideB_ImpactOpt_ClarityStab_Open.xml; Dochenka_5_Wide_TS_Strong.xml; Dochenka_6_Wide_TS_Extreme.xml; Dochenka_7_WideB_DynEQ_Soft.xml; Dochenka_8_WideB_DynEQ_Hard.xml; Dochenka_9_WideB_Impact_Soft.xml; Dochenka_FINAL_Ozone12_Streaming_WideB_ImpactOpt_Open.xml
Stereo Imager,Aux: Band 4 Width Percent,Sustain band width,percent float,sustain can be wider than transient,In T/S mode this is sustain branch,"35,00000000; 48,00000000; 52,00000000; 70,00000000",Dochenka_10_WideB_Impact_Strong.xml; Dochenka_11_WideB_Impact_Opt.xml; Dochenka_12_WideB_ImpactOpt_ClarityStab_Dark.xml; Dochenka_13_WideB_ImpactOpt_ClarityStab_Open.xml; Dochenka_5_Wide_TS_Strong.xml; Dochenka_6_Wide_TS_Extreme.xml; Dochenka_7_WideB_DynEQ_Soft.xml; Dochenka_8_WideB_DynEQ_Hard.xml; Dochenka_9_WideB_Impact_Soft.xml; Dochenka_FINAL_Ozone12_Streaming_WideB_ImpactOpt_Open.xml
Stereo Imager,Aux: Recover Sides Enabled,Sustain Recover Sides enable,bool,1 if used,For T/S sustain branch,1,Dochenka_10_WideB_Impact_Strong.xml; Dochenka_11_WideB_Impact_Opt.xml; Dochenka_12_WideB_ImpactOpt_ClarityStab_Dark.xml; Dochenka_13_WideB_ImpactOpt_ClarityStab_Open.xml; Dochenka_5_Wide_TS_Strong.xml; Dochenka_6_Wide_TS_Extreme.xml; Dochenka_7_WideB_DynEQ_Soft.xml; Dochenka_8_WideB_DynEQ_Hard.xml; Dochenka_9_WideB_Impact_Soft.xml; Dochenka_FINAL_Ozone12_Streaming_WideB_ImpactOpt_Open.xml
Stereo Imager,Aux: Recover Sides Gain Offset (dB),Sustain Recover Sides gain,dB float,0.5..1.2 safe,Use sustain more than transient for width,"0,60000000; 1,00000000; 1,20000000; 1,80000000",Dochenka_10_WideB_Impact_Strong.xml; Dochenka_11_WideB_Impact_Opt.xml; Dochenka_12_WideB_ImpactOpt_ClarityStab_Dark.xml; Dochenka_13_WideB_ImpactOpt_ClarityStab_Open.xml; Dochenka_5_Wide_TS_Strong.xml; Dochenka_6_Wide_TS_Extreme.xml; Dochenka_7_WideB_DynEQ_Soft.xml; Dochenka_8_WideB_DynEQ_Hard.xml; Dochenka_9_WideB_Impact_Soft.xml; Dochenka_FINAL_Ozone12_Streaming_WideB_ImpactOpt_Open.xml
Stereo Imager,Band 1 Active,OBSERVED_UNKNOWN,unknown,do not change blindly,Observed in XML but not semantically confirmed,1,Dochenka_10_WideB_Impact_Strong.xml; Dochenka_11_WideB_Impact_Opt.xml; Dochenka_12_WideB_ImpactOpt_ClarityStab_Dark.xml; Dochenka_13_WideB_ImpactOpt_ClarityStab_Open.xml; Dochenka_2_DarkWideSafe_Ozone12.xml; Dochenka_3_StreamingNoClicks_Ozone12.xml; Dochenka_5_Wide_TS_Strong.xml; Dochenka_6_Wide_TS_Extreme.xml; Dochenka_7_WideB_DynEQ_Soft.xml; Dochenka_8_WideB_DynEQ_Hard.xml
Stereo Imager,Band 1 Width Percent,Transient/normal band width,percent float,"low <=0, mid modest, highs moderate",In T/S mode this is transient branch,"-20,00000000; -22,00000000; -25,00000000; -6,00000000",Dochenka_10_WideB_Impact_Strong.xml; Dochenka_11_WideB_Impact_Opt.xml; Dochenka_12_WideB_ImpactOpt_ClarityStab_Dark.xml; Dochenka_13_WideB_ImpactOpt_ClarityStab_Open.xml; Dochenka_3_StreamingNoClicks_Ozone12.xml; Dochenka_5_Wide_TS_Strong.xml; Dochenka_6_Wide_TS_Extreme.xml; Dochenka_7_WideB_DynEQ_Soft.xml; Dochenka_8_WideB_DynEQ_Hard.xml; Dochenka_9_WideB_Impact_Soft.xml
Stereo Imager,Band 2 Active,OBSERVED_UNKNOWN,unknown,do not change blindly,Observed in XML but not semantically confirmed,1,Dochenka_10_WideB_Impact_Strong.xml; Dochenka_11_WideB_Impact_Opt.xml; Dochenka_12_WideB_ImpactOpt_ClarityStab_Dark.xml; Dochenka_13_WideB_ImpactOpt_ClarityStab_Open.xml; Dochenka_2_DarkWideSafe_Ozone12.xml; Dochenka_3_StreamingNoClicks_Ozone12.xml; Dochenka_5_Wide_TS_Strong.xml; Dochenka_6_Wide_TS_Extreme.xml; Dochenka_7_WideB_DynEQ_Soft.xml; Dochenka_8_WideB_DynEQ_Hard.xml
Stereo Imager,Band 2 Width Percent,Transient/normal band width,percent float,"low <=0, mid modest, highs moderate",In T/S mode this is transient branch,"-5,00000000; 0,00000000; 12,00000000; 18,00000000",Dochenka_10_WideB_Impact_Strong.xml; Dochenka_11_WideB_Impact_Opt.xml; Dochenka_12_WideB_ImpactOpt_ClarityStab_Dark.xml; Dochenka_13_WideB_ImpactOpt_ClarityStab_Open.xml; Dochenka_2_DarkWideSafe_Ozone12.xml; Dochenka_3_StreamingNoClicks_Ozone12.xml; Dochenka_5_Wide_TS_Strong.xml; Dochenka_6_Wide_TS_Extreme.xml; Dochenka_7_WideB_DynEQ_Soft.xml; Dochenka_8_WideB_DynEQ_Hard.xml
Stereo Imager,Band 3 Active,OBSERVED_UNKNOWN,unknown,do not change blindly,Observed in XML but not semantically confirmed,1,Dochenka_10_WideB_Impact_Strong.xml; Dochenka_11_WideB_Impact_Opt.xml; Dochenka_12_WideB_ImpactOpt_ClarityStab_Dark.xml; Dochenka_13_WideB_ImpactOpt_ClarityStab_Open.xml; Dochenka_2_DarkWideSafe_Ozone12.xml; Dochenka_3_StreamingNoClicks_Ozone12.xml; Dochenka_5_Wide_TS_Strong.xml; Dochenka_6_Wide_TS_Extreme.xml; Dochenka_7_WideB_DynEQ_Soft.xml; Dochenka_8_WideB_DynEQ_Hard.xml
Stereo Imager,Band 3 Width Percent,Transient/normal band width,percent float,"low <=0, mid modest, highs moderate",In T/S mode this is transient branch,"0,00000000; 28,00000000; 34,00000000; 5,00000000; 8,00000000",Dochenka_10_WideB_Impact_Strong.xml; Dochenka_11_WideB_Impact_Opt.xml; Dochenka_12_WideB_ImpactOpt_ClarityStab_Dark.xml; Dochenka_13_WideB_ImpactOpt_ClarityStab_Open.xml; Dochenka_2_DarkWideSafe_Ozone12.xml; Dochenka_3_StreamingNoClicks_Ozone12.xml; Dochenka_5_Wide_TS_Strong.xml; Dochenka_6_Wide_TS_Extreme.xml; Dochenka_7_WideB_DynEQ_Soft.xml; Dochenka_8_WideB_DynEQ_Hard.xml
Stereo Imager,Band 4 Width Percent,Transient/normal band width,percent float,"low <=0, mid modest, highs moderate",In T/S mode this is transient branch,"0,00000000; 34,00000000; 42,00000000; 5,00000000; 8,00000000",Dochenka_10_WideB_Impact_Strong.xml; Dochenka_11_WideB_Impact_Opt.xml; Dochenka_12_WideB_ImpactOpt_ClarityStab_Dark.xml; Dochenka_13_WideB_ImpactOpt_ClarityStab_Open.xml; Dochenka_2_DarkWideSafe_Ozone12.xml; Dochenka_3_StreamingNoClicks_Ozone12.xml; Dochenka_5_Wide_TS_Strong.xml; Dochenka_6_Wide_TS_Extreme.xml; Dochenka_7_WideB_DynEQ_Soft.xml; Dochenka_8_WideB_DynEQ_Hard.xml
Stereo Imager,Crossover Cutoff 1,Imager crossover 1,Hz float,120..180,Keep low/sub stable,"165,00000000; 165,70428467; 166,88232422",Dochenka_10_WideB_Impact_Strong.xml; Dochenka_11_WideB_Impact_Opt.xml; Dochenka_12_WideB_ImpactOpt_ClarityStab_Dark.xml; Dochenka_13_WideB_ImpactOpt_ClarityStab_Open.xml; Dochenka_2_DarkWideSafe_Ozone12.xml; Dochenka_3_StreamingNoClicks_Ozone12.xml; Dochenka_5_Wide_TS_Strong.xml; Dochenka_6_Wide_TS_Extreme.xml; Dochenka_7_WideB_DynEQ_Soft.xml; Dochenka_8_WideB_DynEQ_Hard.xml
Stereo Imager,Crossover Cutoff 2,Imager crossover 2,Hz float,2500..3500 for vocal-safe width,Raise to protect vocal center,"1577,30712891; 2500,00000000; 3000,00000000; 3484,03076172",Dochenka_10_WideB_Impact_Strong.xml; Dochenka_11_WideB_Impact_Opt.xml; Dochenka_12_WideB_ImpactOpt_ClarityStab_Dark.xml; Dochenka_13_WideB_ImpactOpt_ClarityStab_Open.xml; Dochenka_2_DarkWideSafe_Ozone12.xml; Dochenka_3_StreamingNoClicks_Ozone12.xml; Dochenka_5_Wide_TS_Strong.xml; Dochenka_6_Wide_TS_Extreme.xml; Dochenka_7_WideB_DynEQ_Soft.xml; Dochenka_8_WideB_DynEQ_Hard.xml
Stereo Imager,Crossover Cutoff 3,Imager crossover 3,Hz float,10000..12000,Top band split,"11999,37695312; 12000,00000000",Dochenka_10_WideB_Impact_Strong.xml; Dochenka_11_WideB_Impact_Opt.xml; Dochenka_12_WideB_ImpactOpt_ClarityStab_Dark.xml; Dochenka_13_WideB_ImpactOpt_ClarityStab_Open.xml; Dochenka_2_DarkWideSafe_Ozone12.xml; Dochenka_3_StreamingNoClicks_Ozone12.xml; Dochenka_5_Wide_TS_Strong.xml; Dochenka_6_Wide_TS_Extreme.xml; Dochenka_7_WideB_DynEQ_Soft.xml; Dochenka_8_WideB_DynEQ_Hard.xml
Stereo Imager,Enable Stereoizer,Stereoize enable,bool,0 by default,Do not enable without separate test on ready stereo WAV,0,Dochenka_2_DarkWideSafe_Ozone12.xml; Dochenka_3_StreamingNoClicks_Ozone12.xml; Za_Hutorom_FINAL_WOW_Streaming_Ozone12.xml; Za_Hutorom_Ozone12_ModernPop_Streaming_Start.xml
Stereo Imager,Module Amount,Overall Imager amount,percent float,40..65,Global strength; high values increase phase risk,"38,00000000; 42,00000000; 50,00000000; 58,00000000; 60,00000000; 68,00000000",Dochenka_10_WideB_Impact_Strong.xml; Dochenka_11_WideB_Impact_Opt.xml; Dochenka_12_WideB_ImpactOpt_ClarityStab_Dark.xml; Dochenka_13_WideB_ImpactOpt_ClarityStab_Open.xml; Dochenka_2_DarkWideSafe_Ozone12.xml; Dochenka_3_StreamingNoClicks_Ozone12.xml; Dochenka_5_Wide_TS_Strong.xml; Dochenka_6_Wide_TS_Extreme.xml; Dochenka_7_WideB_DynEQ_Soft.xml; Dochenka_8_WideB_DynEQ_Hard.xml
Stereo Imager,Processing Mode,Stereo vs Transient/Sustain mode,enum int,1 for Transient/Sustain in confirmed presets,"If not T/S, Aux width parameters may do nothing",1,Dochenka_10_WideB_Impact_Strong.xml; Dochenka_11_WideB_Impact_Opt.xml; Dochenka_12_WideB_ImpactOpt_ClarityStab_Dark.xml; Dochenka_13_WideB_ImpactOpt_ClarityStab_Open.xml; Dochenka_5_Wide_TS_Strong.xml; Dochenka_6_Wide_TS_Extreme.xml; Dochenka_7_WideB_DynEQ_Soft.xml; Dochenka_8_WideB_DynEQ_Hard.xml; Dochenka_9_WideB_Impact_Soft.xml; Dochenka_FINAL_Ozone12_Streaming_WideB_ImpactOpt_Open.xml
Stereo Imager,Recover Sides Enabled,Transient/normal Recover Sides enable,bool,1 if used,Gain still controls amount,1,Dochenka_10_WideB_Impact_Strong.xml; Dochenka_11_WideB_Impact_Opt.xml; Dochenka_12_WideB_ImpactOpt_ClarityStab_Dark.xml; Dochenka_13_WideB_ImpactOpt_ClarityStab_Open.xml; Dochenka_2_DarkWideSafe_Ozone12.xml; Dochenka_3_StreamingNoClicks_Ozone12.xml; Dochenka_5_Wide_TS_Strong.xml; Dochenka_6_Wide_TS_Extreme.xml; Dochenka_7_WideB_DynEQ_Soft.xml; Dochenka_8_WideB_DynEQ_Hard.xml
Stereo Imager,Recover Sides Gain Offset (dB),Transient/normal Recover Sides gain,dB float,"0..0.8 safe, <=1.2 normally",Do not push to +3 dB without test,"0,00000000; 0,50000000; 0,80000000",Dochenka_10_WideB_Impact_Strong.xml; Dochenka_11_WideB_Impact_Opt.xml; Dochenka_12_WideB_ImpactOpt_ClarityStab_Dark.xml; Dochenka_13_WideB_ImpactOpt_ClarityStab_Open.xml; Dochenka_2_DarkWideSafe_Ozone12.xml; Dochenka_3_StreamingNoClicks_Ozone12.xml; Dochenka_5_Wide_TS_Strong.xml; Dochenka_6_Wide_TS_Extreme.xml; Dochenka_7_WideB_DynEQ_Soft.xml; Dochenka_8_WideB_DynEQ_Hard.xml
Stereo Imager,SmoothVectorscope Mode,Vectorscope smoothing GUI mode,enum int,leave,GUI/visual behavior; not core audio setting,2,Dochenka_10_WideB_Impact_Strong.xml; Dochenka_11_WideB_Impact_Opt.xml; Dochenka_12_WideB_ImpactOpt_ClarityStab_Dark.xml; Dochenka_13_WideB_ImpactOpt_ClarityStab_Open.xml; Dochenka_2_DarkWideSafe_Ozone12.xml; Dochenka_3_StreamingNoClicks_Ozone12.xml; Dochenka_5_Wide_TS_Strong.xml; Dochenka_6_Wide_TS_Extreme.xml; Dochenka_7_WideB_DynEQ_Soft.xml; Dochenka_8_WideB_DynEQ_Hard.xml
Stereo Imager,Stereoizer Mode,Stereoizer mode enum,enum int,leave if Stereoizer off,Meaning must be GUI-verified,1,Dochenka_10_WideB_Impact_Strong.xml; Dochenka_11_WideB_Impact_Opt.xml; Dochenka_12_WideB_ImpactOpt_ClarityStab_Dark.xml; Dochenka_13_WideB_ImpactOpt_ClarityStab_Open.xml; Dochenka_2_DarkWideSafe_Ozone12.xml; Dochenka_3_StreamingNoClicks_Ozone12.xml; Dochenka_5_Wide_TS_Strong.xml; Dochenka_6_Wide_TS_Extreme.xml; Dochenka_7_WideB_DynEQ_Soft.xml; Dochenka_8_WideB_DynEQ_Hard.xml
Stereo Imager,Transient/Sustain Selection,Selected T/S view in GUI,enum int,1,"GUI state, not necessarily audio-critical",1,Dochenka_10_WideB_Impact_Strong.xml; Dochenka_11_WideB_Impact_Opt.xml; Dochenka_12_WideB_ImpactOpt_ClarityStab_Dark.xml; Dochenka_13_WideB_ImpactOpt_ClarityStab_Open.xml; Dochenka_5_Wide_TS_Strong.xml; Dochenka_6_Wide_TS_Extreme.xml; Dochenka_7_WideB_DynEQ_Soft.xml; Dochenka_8_WideB_DynEQ_Hard.xml; Dochenka_9_WideB_Impact_Soft.xml; Dochenka_FINAL_Ozone12_Streaming_WideB_ImpactOpt_Open.xml
Unlimiter,Auto Gain Enable,Auto gain compensation,bool,1,Module not default active chain,1,Dochenka_2_DarkWideSafe_Ozone12.xml; Dochenka_3_StreamingNoClicks_Ozone12.xml
